App_Name,Primary_Genre,Updated,Price,Developer,Average_User_Rating,Reviews,Update_Year
A&E Guide MilliporeSigma,Business,2019-10-08 01:40:18+00:00,0.0,"Merck KGaA (Darmstadt, Germany)",0.0,0,2019
Campus_Zone,Book,2019-06-26 19:11:24+00:00,0.0,"AAAMT, Inc",0.0,0,2019
Kehati,Education,2017-09-06 06:22:32+00:00,0.0,Zeev Weinstadt,4.63725,102,2017
M - Dawn Raid,Business,2020-01-30 16:28:55+00:00,0.0,"Merck KGaA (Darmstadt, Germany)",0.0,0,2020
BA-mobil,Business,2021-10-05 10:57:36+00:00,0.0,Bundesagentur für Arbeit,0.0,0,2021
M Lab™ Collaboration Centers,Business,2021-06-02 02:52:35+00:00,0.0,"Merck KGaA (Darmstadt, Germany)",0.0,0,2021
M-Events,Business,2021-06-26 16:25:54+00:00,0.0,"Merck KGaA (Darmstadt, Germany)",0.0,0,2021
AAAMTdictate,Business,2019-02-20 20:59:00+00:00,0.0,"AAAMT, Inc",5.0,4,2019
KAGES BR App,Productivity,2020-03-19 00:34:08+00:00,0.0,Gemeinde24,0.0,0,2020
Bad Säckingen Card,Business,2020-09-11 23:10:01+00:00,0.0,Stadt Bad Säckingen,0.0,0,2020
JaiHoApp,Business,2021-02-09 18:08:32+00:00,0.0,"AAAMT, Inc",0.0,0,2021
Land Tirol,News,2021-10-08 06:57:13+00:00,0.0,Amt der Tiroler Landesregierung,0.0,0,2021
Nasdel Driver,Food & Drink,2019-08-28 22:51:51+00:00,0.0,Mohamed Rahamtalla,0.0,0,2019
Nasdel Merchant,Food & Drink,2019-08-28 22:29:15+00:00,0.0,Mohamed Rahamtalla,0.0,0,2019
Abfallapp Landkreis Kusel,Productivity,2021-02-26 13:06:09+00:00,0.0,Landkreis Kusel,0.0,0,2021
ZamPay Agent,Finance,2019-04-16 20:03:23+00:00,0.0,Zamtel,0.0,0,2019
ZamPay Customer,Finance,2020-01-13 21:18:36+00:00,0.0,Zamtel,3.25,4,2020
Ramtech React,Business,2021-06-30 16:06:27+00:00,0.0,Ramtech,0.0,0,2021
Ramtronik OMS,Business,2020-12-07 08:00:00+00:00,0.0,Ramtronik Software Ltd.,0.0,0,2020
Rapperswil-Jona,Navigation,2016-07-06 01:16:36+00:00,0.0,Deutsche Stadtmarketing GmbH,0.0,0,2016
PAPA Agent - 25 Provinces,Business,2021-10-12 17:56:13+00:00,0.0,Ley Kamthong,0.0,0,2021
PAPA Deliver,Business,2021-08-28 03:07:57+00:00,0.0,Ley Kamthong,4.0,1,2021
PAPA Rider,Business,2021-09-22 06:02:54+00:00,0.0,Ley Kamthong,0.0,0,2021
Rare Earths Compounds,Education,2020-11-02 14:35:13+00:00,0.0,AmTha Technologies,0.0,0,2020
Ebersdorf,Business,2020-07-28 22:42:32+00:00,0.0,Gemeinde Ebersdorf,0.0,0,2020
Missa,Book,2020-12-03 11:42:49+00:00,0.0,"gesamtkunstwerk, s.r.o.",0.0,0,2020
KDCUHF,Business,2021-01-11 19:44:55+00:00,0.0,KoamTac. Inc,0.0,0,2021
FastTest 18th Edition,Business,2018-10-19 08:53:20+00:00,0.0,Amtech Group,0.0,0,2018
FastTest Amendment 3 App,Business,2017-01-10 12:36:14+00:00,0.0,Amtech Group,1.0,1,2017
FastTest for iPad,Business,2015-07-07 16:18:14+00:00,0.0,Amtech Group,0.0,0,2015
Hausleads,Business,2020-05-04 22:59:03+00:00,0.0,Ramtech Development,0.0,0,2020
Olamor,Business,2021-03-31 06:03:31+00:00,0.0,Mamtaa Joshi,0.0,0,2021
Gemeinde Heek,Business,2020-10-30 18:08:07+00:00,0.0,Gemeinde Heek,0.0,0,2020
Gemeinde Sollenau City App,Business,2019-08-22 17:50:26+00:00,0.0,Marktgemeinde Sollenau,0.0,0,2019
Gemeinde St. Michael,Business,2019-06-04 17:16:23+00:00,0.0,Marktgemeinde St. Michael,0.0,0,2019
Accord Connect,Productivity,2021-09-14 21:44:54+00:00,0.0,S&J Stadtler Inc.,3.0,1,2021
Job@Nurse,Business,2018-10-02 15:51:37+00:00,0.0,Kluaynamthai Hospital Company Limited.,0.0,0,2018
Jobbörse - Deine Jobsuche,Business,2021-08-18 07:26:12+00:00,0.0,meinestadt.de GmbH,4.92307,13,2021
Sree Chaitanya Jr College,Education,2019-12-10 18:08:07+00:00,0.0,"AAAMT, Inc",0.0,0,2019
Jobsuche – die Jobbörse der BA,Business,2021-10-11 14:06:37+00:00,0.0,Bundesagentur für Arbeit,5.0,4,2021
MyBRV,Book,2020-10-29 20:04:47+00:00,0.0,Bundesverband Reifenhandelund Vulkaniseur - Handwerk e.V,0.0,0,2020
Cajulu,Education,2021-08-09 07:16:13+00:00,0.0,Caritasverband für die Stadt Mülheim an der Ruhr e.V.,0.0,0,2021
Jamtli Audio Guide,Education,2021-06-18 00:53:44+00:00,0.0,Jamtli,0.0,0,2021
Samtechnet,Finance,2021-07-11 09:37:10+00:00,0.0,SAMTECHNET GLOBAL SERVICES LTD,0.0,0,2021
Mar-Genie Margin Calculator,Productivity,2014-09-04 16:46:57+00:00,0.0,Steamtown Media Limited,3.77273,44,2014
Züri App – CITYGUIDE Zürich,Navigation,2020-05-29 18:13:06+00:00,0.0,Deutsche Stadtmarketing GmbH,4.59999,5,2020
Zürichsee,Navigation,2016-07-26 16:58:08+00:00,0.0,Deutsche Stadtmarketing GmbH,0.0,0,2016
Bundes-Verlag - Zeitschriften,Book,2021-04-21 23:18:16+00:00,0.0,SCM Bundes-Verlag gGmbH,5.0,1,2021
Landesmuseum Halle,Education,2021-05-28 15:13:21+00:00,0.0,Landesamt für Denkmalpflege und Archäologie Sachsen-Anhalt,0.0,0,2021
BV Lebenshilfe,Book,2020-10-29 19:56:56+00:00,0.0,Bundesvereinigung Lebenshilfe,0.0,0,2020
Einsiedeln,Navigation,2016-07-19 15:01:08+00:00,0.0,Deutsche Stadtmarketing GmbH,0.0,0,2016
PBeaKK EinreichungsApp,Finance,2021-09-15 13:11:32+00:00,0.0,POSTBEAMTENKRANKENKASSE,5.0,2,2021
Naturerbe,Education,2019-12-11 20:13:47+00:00,0.0,Gesellschaft der Deutschen Bundesstiftung Umwelt zur Sicherung des nationalen Naturerbes DBU GmbH,0.0,0,2019
Uppsala Business Park,Business,2021-10-08 10:20:14+00:00,0.0,Sisyfos Framtidsprojekt,0.0,0,2021
YLabs by Yardstick,Education,2019-07-21 07:00:00+00:00,0.0,De Paul Kannamthanam,0.0,0,2019
Znakujte s Tamtamem,Education,2020-11-06 20:46:17+00:00,0.0,Centrum pro dětský sluch Tamtam o.p.s.,0.0,0,2020
Der Bausachverständige,Education,2020-05-07 18:36:23+00:00,0.0,Bundesanzeiger Verlag,0.0,0,2020
Geeks Area Calc,Education,2016-09-23 18:25:30+00:00,0.0,Rayen Kamta,3.0,2,2016
Yoga Asanas,Education,2020-08-07 08:00:54+00:00,0.0,John goodstadt,0.0,0,2020
Yoga Chants,Health & Fitness,2020-08-03 17:19:11+00:00,0.0,John goodstadt,0.0,0,2020
Gemeinde am Wetterkreuz,Education,2021-10-07 18:02:49+00:00,0.0,Gemeinde am Wetterkreuz (Missionsbund) e.V.,0.0,0,2021
Gemeinde in der Konkordia,Education,2021-10-09 13:19:07+00:00,0.0,Gemeinde in der Konkordia Buhl - Evangelische Freikirche im fegw e.V.,0.0,0,2021
Gipfel-App,Business,2019-10-17 22:01:00+00:00,0.0,Bundesministerium fuer Wirtschaft und Energie,0.0,0,2019
Teamtailor,Business,2021-08-30 08:32:31+00:00,0.0,Teamtailor,5.0,1,2021
Abfallapp Landkreis Birkenfeld,Reference,2019-12-17 08:00:00+00:00,0.0,Landkreis Birkenfeld,0.0,0,2019
Knonauer Amt,Travel,2021-01-06 21:26:09+00:00,0.0,Verein Standortfoerderung Knonauer Amt,0.0,0,2021
KNT Health App,Business,2021-07-14 21:39:20+00:00,0.0,Kluaynamthai Hospital Company Limited.,0.0,0,2021
FDRS Info-App,Education,2020-09-08 22:19:55+00:00,0.0,Stadt Essen,0.0,0,2020
Edel - Die App der HFin/LFS,Education,2021-06-15 13:46:08+00:00,0.0,Landesamt fuer Steuern Rheinland-Pfalz,0.0,0,2021
KoamTacON,Business,2020-02-24 23:32:14+00:00,0.0,KoamTac. Inc,0.0,0,2020
Liechtenstein App,Navigation,2015-03-04 04:16:01+00:00,0.0,Deutsche Stadtmarketing GmbH,0.0,0,2015
Vierwaldstättersee,Navigation,2016-09-09 17:59:34+00:00,0.0,Deutsche Stadtmarketing GmbH,0.0,0,2016
EMD Formulation Finder,Medical,2021-06-24 08:45:39+00:00,0.0,"Merck KGaA (Darmstadt, Germany)",0.0,0,2021
Fieldreach Work Manager,Business,2021-09-03 09:06:18+00:00,0.0,AMT-Sybex Ltd,0.0,0,2021
Optimum ERP,Business,2021-06-30 21:10:27+00:00,0.0,Al-Amthal Group,1.0,1,2021
VHS Paderborn,Education,2021-06-18 08:05:14+00:00,0.0,Stadt Paderborn,0.0,0,2021
Via Culturalis,Travel,2020-03-12 15:39:09+00:00,0.0,Stadt Köln,0.0,0,2020
Wehrrecht Quiz,Education,2017-10-12 09:16:59+00:00,0.0,Bundesministerium der Verteidigung,0.0,0,2017
Region Rorschach,Navigation,2016-07-16 20:46:17+00:00,0.0,Deutsche Stadtmarketing GmbH,0.0,0,2016
Inn-Taler,Shopping,2020-12-19 10:57:02+00:00,0.0,Interessengemeinschaft Altstadt Innsbruck,0.0,0,2020
Gesamtschule Essen Nord,Education,2021-01-25 18:12:32+00:00,0.0,Gesamtschule Nord Essen,0.0,0,2021
Basler StadtNatour,Education,2016-06-14 15:18:56+00:00,0.0,Bau- und Verkehrsdepartement des Kantons Basel-Stadt,0.0,0,2016
UniSyte,Shopping,2019-08-03 07:00:00+00:00,0.0,Tvamtech LLC,5.0,2,2019
Schwabach Card,Business,2020-12-10 17:22:59+00:00,0.0,Stadt Schwabach,0.0,0,2020
Bauernhaus-Museum Wolfegg,Education,2020-06-24 19:18:13+00:00,0.0,Landratsamt Ravensburg,0.0,0,2020
Baumappe,Reference,2018-07-29 22:02:50+00:00,0.0,"Wirtschaftskammer Österreich, Bundesinnung Bau",0.0,0,2018
Herzberg-App,News,2021-08-19 00:29:30+00:00,0.0,Stadt Herzberg (Elster),0.0,0,2021
Bad Homburg App,News,2021-10-05 12:46:46+00:00,0.0,Magistrat der Stadt Bad Homburg v. d. Hoehe,0.0,0,2021
Kids Math Game : Math For Kids,Education,2020-11-08 22:01:49+00:00,0.0,Rayen Kamta,0.0,0,2020
Sanskrit for Yoga,Education,2021-09-01 07:28:57+00:00,0.0,John goodstadt,2.5,2,2021
Wirtschaft St. Michael,Business,2019-05-14 00:58:36+00:00,0.0,Marktgemeinde St. Michael,0.0,0,2019
Einfluss Emme,Education,2021-06-19 11:53:17+00:00,0.0,"Amt fuer Umwelt, Kanton Solothurn",0.0,0,2021
Wissenschaftsstadt Darmstadt,Travel,2021-06-29 23:19:51+00:00,0.0,Wissenschaftsstadt Darmstadt Marketing GmbH,0.0,0,2021
Junge Wissenschaft,Education,2020-04-29 18:27:28+00:00,0.0,Physikalisch-Technische Bundesanstalt PTB,0.0,0,2020
Schweizer Bodensee,Navigation,2014-08-19 18:27:15+00:00,0.0,Deutsche Stadtmarketing GmbH,0.0,0,2014
Die Waldfibel,Education,2018-06-01 17:54:19+00:00,0.0,Bundesministerium für Ernährung und Landwirtschaft,5.0,1,2018
Exploring Glückstadt,Travel,2021-06-28 07:19:55+00:00,0.0,Stadt Gluckstadt,0.0,0,2021
Beethoven World.Citizen.Music,Education,2019-12-13 17:59:07+00:00,0.0,Bundeskunsthalle,0.0,0,2019
Beethoven – Blinde,Education,2020-02-21 12:47:57+00:00,0.0,Bundeskunsthalle,0.0,0,2020
IF App 2020/2021,Reference,2021-04-14 09:39:36+00:00,0.0,"Bundesministerium für Kunst, Kultur, öffentlicher Dienst und Sport",0.0,0,2021
LED Banner Marquee For Chat,Utilities,2021-09-30 03:42:41+00:00,0.0,DreamTeam Apps,4.8,5,2021
LED light (a Flashlight),Utilities,2021-06-23 21:42:07+00:00,0.0,Sebastian Stadtlich,0.0,0,2021
Unsichtbare Orte,Travel,2020-11-04 11:03:11+00:00,0.0,Jüdisches Museum der Stadt Frankfurt,0.0,0,2020
Pexeso - Znakujte s Tamtamem,Education,2020-04-15 20:36:33+00:00,0.0,Centrum pro dětský sluch Tamtam o.p.s.,0.0,0,2020
KTSync,Business,2021-07-22 17:52:59+00:00,0.0,KoamTac. Inc,5.0,1,2021
KTSync CAM,Business,2021-07-22 17:59:09+00:00,0.0,KoamTac. Inc,2.0,1,2021
Vogelherd,Travel,2017-09-22 11:09:26+00:00,0.0,Stadt Niederstotzingen,5.0,2,2017
VoiceWithMe,Education,2018-09-13 19:59:40+00:00,0.0,Ley Kamthong,5.0,2,2018
Rett4NEC - BRK Neustadt,Medical,2021-08-28 19:13:43+00:00,0.0,BRK Bereitschaft Neustadt/Cob.,0.0,0,2021
Kurzarbeit: Dokumente senden,Business,2021-10-11 08:10:51+00:00,0.0,Bundesagentur für Arbeit,0.0,0,2021
CGDPS Events,Business,2018-11-24 18:07:14+00:00,0.0,Amtology,0.0,0,2018
VoteInfo,Education,2021-08-19 06:18:07+00:00,0.0,Schweizerische Bundeskanzlei,3.75,8,2021
EMD PTE,Education,2019-02-15 22:34:00+00:00,0.0,"Merck KGaA (Darmstadt, Germany)",4.71028,107,2019
Scheinfeld entdecken,Travel,2020-09-08 12:43:31+00:00,0.0,Stadt Scheinfeld,0.0,0,2020
Schnappy,Education,2020-10-11 17:55:22+00:00,0.0,Dreamteamsoft Ltd,0.0,0,2020
RGES Vertretungsplan,Education,2019-03-30 19:47:35+00:00,0.0,Regenbogen-Gesamtschule Spenge,0.0,0,2019
Wo ist was – Tast-Modell – LS,Education,2019-12-10 08:00:00+00:00,0.0,Bundeskunsthalle,0.0,0,2019
Where is What – Tactile Model,Education,2019-10-25 17:33:33+00:00,0.0,Bundeskunsthalle,0.0,0,2019
Wo ist was – Tastmodell – BL,Education,2019-12-10 08:00:00+00:00,0.0,Bundeskunsthalle,0.0,0,2019
Wo ist was – Tastmodell – DGS,Education,2019-12-10 08:00:00+00:00,0.0,Bundeskunsthalle,0.0,0,2019
Wo ist was – Tastmodell – Kids,Education,2019-11-13 15:49:34+00:00,0.0,Bundeskunsthalle,0.0,0,2019
LG TV Cast & Screen Mirroring,Photo & Video,2021-09-16 15:09:31+00:00,0.0,AirBeamTV BV,2.53205,468,2021
Energie Erleben,Utilities,2021-06-09 14:24:57+00:00,0.0,SWE Stadtwerke Erfurt GmbH,0.0,0,2021
Energy label,Education,2021-09-01 06:32:00+00:00,0.0,Bundesanstalt fuer Materialforschung und -pruefung (BAM),0.0,0,2021
EnergiewÆnde Gleisdorf,Education,2021-09-10 02:08:41+00:00,0.0,Stadtgemeinde Gleisdorf,0.0,0,2021
CheckinMe - Record Attendance,Business,2021-09-24 18:17:34+00:00,0.0,Ley Kamthong,0.0,0,2021
ChefCart,Business,2021-07-15 19:38:11+00:00,0.0,TeamTech24,0.0,0,2021
ChefCartSupplier,Business,2021-07-15 18:39:47+00:00,0.0,TeamTech24,0.0,0,2021
Bizligo,Business,2021-06-04 23:49:46+00:00,0.0,PamTen Inc,0.0,0,2021
Al-Hekma,Education,2015-12-08 12:19:11+00:00,0.0,Al-Amthal Group,3.0,1,2015
Thurgau,Navigation,2016-07-16 01:50:18+00:00,0.0,Deutsche Stadtmarketing GmbH,0.0,0,2016
Dom Freiberg Audiguide,Travel,2020-02-13 08:10:51+00:00,0.0,Ev.-Luth. Kirchgemeinde am Dom Freiberg,0.0,0,2020
Binghamton bMobi,Education,2016-12-09 18:15:33+00:00,0.0,Binghamton University,2.09091,33,2016
Binghamton City School Dist.,Education,2021-06-03 16:38:45+00:00,0.0,Binghamton City School District,3.64516,31,2021
Binghamton First Nazarene,Education,2021-09-30 14:20:35+00:00,0.0,First Church of the Nazarene (Binghamton),5.0,1,2021
Binghamtown Baptist Church,Education,2021-08-02 18:10:47+00:00,0.0,Binghamtown Baptist Church Inc.,5.0,9,2021
Schule in Bayern,Education,2018-08-21 18:38:23+00:00,0.0,Bayerisches Staatsministerium fur Unterricht und Kultus,0.0,0,2018
TIK App – bvik,Business,2021-09-18 11:54:50+00:00,0.0,Bundesverband Industrie Kommunikation e.V. (bvik),0.0,0,2021
LIQUI MOLY Handball-Bundesliga,Sports,2021-10-06 17:54:19+00:00,0.0,Handball-Bundesliga GmbH,5.0,1,2021
Forum Automobillogistik 2020,Business,2020-01-23 22:06:35+00:00,0.0,Bundesvereinigung Logistik e.V.,0.0,0,2020
Police Bern,News,2021-06-30 21:41:14+00:00,0.0,Kantonspolizei Bern,3.33333,3,2021
Grossstadtgeschwister,Education,2021-09-07 17:16:20+00:00,0.0,Grossstadtgeschwister GmbH,0.0,0,2021
GSG Check-in,Education,2020-09-17 23:32:08+00:00,0.0,Grossstadtgeschwister GmbH,0.0,0,2020
GSG Foto,Education,2020-09-17 20:08:13+00:00,0.0,Grossstadtgeschwister GmbH,0.0,0,2020
GSG Team,Education,2020-09-17 23:06:43+00:00,0.0,Grossstadtgeschwister GmbH,0.0,0,2020
BOSSc Mobile,Business,2019-03-25 18:10:49+00:00,0.0,AMTech,0.0,0,2019
Toggenburg,Navigation,2016-11-07 23:13:46+00:00,0.0,Deutsche Stadtmarketing GmbH,0.0,0,2016
Mathildenhöhe Darmstadt,Travel,2019-11-13 16:33:58+00:00,0.0,Wissenschaftsstadt Darmstadt Marketing GmbH,0.0,0,2019
Leibniz-Gesamtschule,Education,2021-09-23 08:04:25+00:00,0.0,Gottfried-Wilhelm-Leibniz-Gesamtschule,0.0,0,2021
Lenbachhaus — Audio Guide,Education,2021-09-30 05:42:57+00:00,0.0,"Landeshauptstadt Muenchen, Staedtische Galerie im Lenbachhaus",0.0,0,2021
Fire TV & Fire Stick Mirroring,Photo & Video,2021-10-01 04:44:07+00:00,0.0,AirBeamTV BV,2.94286,175,2021
EPO Data Hub,Education,2021-08-23 15:03:46+00:00,0.0,Europaeisches Patentamt,0.0,0,2021
ShareUrNotes,Education,2021-04-06 04:48:16+00:00,0.0,Tvamtech LLC,0.0,0,2021
CH info,Reference,2021-02-17 14:07:41+00:00,0.0,Schweizerische Bundeskanzlei,0.0,0,2021
Memorize Law Cases,Education,2020-09-27 00:09:16+00:00,0.0,John goodstadt,0.0,0,2020
Sempachersee,Navigation,2016-07-06 23:55:16+00:00,0.0,Deutsche Stadtmarketing GmbH,0.0,0,2016
Kulturnacht Ulm/Neu-Ulm App,Navigation,2021-08-17 13:12:46+00:00,0.0,Stadt Ulm - Kulturabteilung,0.0,0,2021
Amberg Kinder,Education,2021-09-07 16:30:25+00:00,0.0,Stadt Amberg,0.0,0,2021
Amberg Kinder Checkin,Education,2020-09-17 21:01:49+00:00,0.0,Stadt Amberg,0.0,0,2020
Amberg Kinder Photo,Education,2020-09-17 20:42:56+00:00,0.0,Stadt Amberg,0.0,0,2020
Amberg Kinder Team,Education,2020-09-17 20:36:07+00:00,0.0,Stadt Amberg,0.0,0,2020
EVA Digital Workplace EMD,Business,2021-05-31 10:00:46+00:00,0.0,"Merck KGaA (Darmstadt, Germany)",5.0,2,2021
Silberstadt® Freiberg Guide,Travel,2021-06-11 17:25:46+00:00,1.99,Silberstadt Freiberg,0.0,0,2021
Humboldt-Parcours,Education,2019-05-22 22:29:35+00:00,0.0,Deutsche Stadtmarketing GmbH,0.0,0,2019
Transeurope,Navigation,2014-10-22 07:07:49+00:00,0.0,Deutsche Stadtmarketing GmbH,0.0,0,2014
Medvěd - Znakujte s Tamtamem,Education,2018-07-24 07:58:05+00:00,0.0,Centrum pro dětský sluch Tamtam o.p.s.,0.0,0,2018
Anaphylaxis Crisis Management,Education,2020-11-15 22:15:26+00:00,0.0,Sarasate Eiamtanasate,0.0,0,2020
Gundremmingen,Business,2020-05-06 18:42:39+00:00,0.0,Gemeinde Gundremmingen,0.0,0,2020
Alpha Soko Classisifieds,Business,2021-07-17 01:09:14+00:00,0.0,Andrew Amtana,0.0,0,2021
Workulture,Business,2019-11-15 18:55:53+00:00,0.0,Amtology,0.0,0,2019
GWG Service,Business,2020-01-03 18:50:22+00:00,0.0,Gemeinnützige Wohnungsbaugesellschaft Ingolstadt GmbH,0.0,0,2020
Alsham App,Business,2020-09-11 14:41:47+00:00,0.0,AlshamTrading,0.0,0,2020
Cross-country skiing technique,Sports,2017-12-04 17:42:29+00:00,4.99,Bundesamt für Sport BASPO,4.66667,24,2017
WVVG,Business,2020-01-27 12:37:30+00:00,0.0,WVVG Darmstadt GmbH,0.0,0,2020
Metropole des Wissens,Education,2017-09-04 09:14:16+00:00,0.0,"Freie und Hansestadt Hamburg, Behoerde fur Wissenschaft, Forschung und Gleichstellung",0.0,0,2017
BVAU,Business,2020-09-23 08:40:35+00:00,0.0,Bundesverband der Arbeitsrechtler in Unternehmen e.V.,0.0,0,2020
BVE App,Business,2021-09-24 06:30:38+00:00,0.0,Bauverein der Elbgemeinden EG,0.0,0,2021
BVL Events,Business,2021-10-11 16:01:15+00:00,0.0,Bundesvereinigung Logistik e.V.,0.0,0,2021
Screen Mirroring Panasonic TV,Photo & Video,2021-09-18 17:54:01+00:00,0.0,AirBeamTV BV,2.40909,44,2021
Screen Mirroring to Mac & PC,Photo & Video,2021-10-12 18:11:15+00:00,0.0,AirBeamTV BV,2.38362,232,2021
AMT EVENTS,Business,2020-10-17 17:43:34+00:00,0.0,AMT - The Association for Manufacturing Technology,0.0,0,2020
AMTeK Keuringen,Business,2021-07-06 07:18:16+00:00,0.0,Amtek Keuringen,0.0,0,2021
Amtel MDM,Business,2020-06-26 01:22:16+00:00,0.0,Amtel,4.0,4,2020
Amtel Secure Browser Kiosk,Business,2015-04-24 14:50:19+00:00,0.0,Amtel,5.0,1,2015
AmTrust Events,Business,2021-07-30 14:30:39+00:00,0.0,"AmTrust Financial Services, Inc.",0.0,0,2021
Potsdam City Guide,Travel,2021-04-20 16:28:09+00:00,0.0,Landeshauptstadt Potsdam,0.0,0,2021
Colors4Beauty,Business,2019-10-31 15:12:59+00:00,0.0,"Merck KGaA (Darmstadt, Germany)",0.0,0,2019
THI-App,Education,2020-10-19 22:02:35+00:00,0.0,Technische Hochschule Ingolstadt,0.0,0,2020
Kiel-Kompass,Education,2019-04-10 10:00:59+00:00,0.0,Landeshauptstadt Kiel,0.0,0,2019
Smartes Lienz,Education,2021-05-29 07:18:32+00:00,0.0,Stadtgemeinde Lienz,0.0,0,2021
Nützlinge im Garten,Education,2020-03-31 08:59:05+00:00,0.0,Bundesanstalt für Landwirtschaft und Ernährung,0.0,0,2020
"Millstadt CCSD #160,IL",Education,2021-10-08 20:21:11+00:00,0.0,Millstadt Consolidated School Dist 160,5.0,1,2021
Compass Air,Business,2019-02-22 09:30:54+00:00,0.0,M.D Dreamtech Software Ltd,0.0,0,2019
Ankommen,Education,2021-04-22 11:04:12+00:00,0.0,Bundesamt fur Migration und Fluchtlinge,4.375,8,2021
MilliporeSigma Scan Now,Business,2020-04-02 08:03:12+00:00,0.0,"Merck KGaA (Darmstadt, Germany)",5.0,2,2020
NHL,Sports,2021-10-12 15:55:41+00:00,0.0,BAMTECH LLC,4.71648,81881,2021
BrightLab Inventory Management,Productivity,2020-05-21 06:31:22+00:00,0.0,"Merck KGaA (Darmstadt, Germany)",5.0,2,2020
Mirror for Samsung TV,Photo & Video,2020-10-28 11:47:32+00:00,9.99,AirBeamTV BV,0.0,0,2020
Anne Mills Recruitment,Business,2018-12-16 22:30:08+00:00,0.0,AMTR Ltd,0.0,0,2018
Mittelstadt Agency LLC Online,Business,2021-09-30 17:46:01+00:00,0.0,Mittelstadt Agency LLC,0.0,0,2021
KKN @Work,Education,2021-09-28 20:44:53+00:00,0.0,Katholische Gesamtkirchengemeinde Nuernberg,0.0,0,2021
KKN.Checkin,Education,2020-08-24 19:24:39+00:00,0.0,Katholische Gesamtkirchengemeinde Nuernberg,0.0,0,2020
KKN.Doku,Education,2020-08-31 17:52:22+00:00,0.0,Katholische Gesamtkirchengemeinde Nuernberg,0.0,0,2020
KKN.Eltern,Education,2021-09-07 14:35:28+00:00,0.0,Katholische Gesamtkirchengemeinde Nuernberg,0.0,0,2021
KKN.Team,Education,2020-08-13 18:43:52+00:00,0.0,Katholische Gesamtkirchengemeinde Nuernberg,0.0,0,2020
KlaTab,Education,2021-09-02 10:57:51+00:00,0.0,EDV-Schulen des Landkreises Deggendorf,0.0,0,2021
Nurse@Home,Business,2018-08-21 22:59:22+00:00,0.0,Kluaynamthai Hospital Company Limited.,0.0,0,2018
Lustenauer Wörterbuch,Shopping,2020-02-26 10:25:10+00:00,0.0,Marktgemeinde Lustenau,0.0,0,2020
Pronounce,Education,2020-08-03 17:25:36+00:00,0.0,John goodstadt,0.0,0,2020
Pronounce Sanskrit,Health & Fitness,2020-07-02 16:22:25+00:00,0.0,John goodstadt,0.0,0,2020
AOMobile,Business,2021-04-01 13:29:57+00:00,0.0,"AmTrust Financial Services, Inc.",2.71429,7,2021
TodNachricht,Reference,2018-07-01 00:35:13+00:00,0.0,katholische Polizeiseelsorge,0.0,0,2018
Führerschein-Test,Education,2021-02-01 20:50:36+00:00,0.0,ÖAMTC,5.0,2,2021
Führungs-Akademie des DOSB,Sports,2020-08-12 17:37:39+00:00,0.0,Fuhrungs-Akademie des Deutschen Olympischen Sportbundes e.V.,0.0,0,2020
Bundesjugendspiele,Sports,2021-08-10 22:15:42+00:00,0.0,"Bundesministerium für Familie, Senioren, Frauen und Jugend",0.0,0,2021
Bundesrat,News,2020-04-08 14:21:16+00:00,0.0,Bundesrat Germany,0.0,0,2020
Kulturnacht,Education,2019-08-13 08:44:43+00:00,0.0,Stadt Osnabrück,0.0,0,2019
BVT Online,Education,2018-10-22 06:32:18+00:00,0.0,"Bundesverband höherer Berufe der Technik, Wirtschaft und Gestaltung e.V.",0.0,0,2018
BürgerApp Tübingen,Education,2021-07-07 15:18:52+00:00,0.0,Universitätsstadt Tübingen,5.0,1,2021
Singapore Dental Association,Business,2020-03-05 17:37:18+00:00,0.0,Amtology,0.0,0,2020
SKB-Login-App,Finance,2020-12-01 16:13:20+00:00,0.0,Sparkasse Bundespersonal SKB,0.0,0,2020
LK Osnabrück Kita,Education,2021-09-07 16:27:02+00:00,0.0,Landkreis Osnabrück,0.0,0,2021
LKOS.Checkin,Education,2021-07-01 23:47:08+00:00,0.0,Landkreis Osnabrück,0.0,0,2021
LKOS.Doku,Education,2021-07-01 23:49:33+00:00,0.0,Landkreis Osnabrück,0.0,0,2021
LKOS.Team,Education,2021-07-01 23:46:13+00:00,0.0,Landkreis Osnabrück,0.0,0,2021
Archaeological tour,Education,2019-10-31 15:45:25+00:00,0.0,Archäologische Bodenforschung Kanton Basel-Stadt,0.0,0,2019
MAMTA Mobile Banking,Finance,2021-06-14 23:51:52+00:00,0.0,MAMTA Federal Credit Union,0.0,0,2021
Smart School Bus by SamTech,Business,2018-04-12 02:16:26+00:00,0.0,SamTech Middle East,3.0,2,2018
Smart Vehicle Inspection,Business,2020-11-24 23:19:23+00:00,0.0,SamTech Middle East,0.0,0,2020
Mirror for Android TV,Photo & Video,2019-04-21 12:24:31+00:00,9.99,AirBeamTV BV,0.0,0,2019
Mirror for Chromecast,Photo & Video,2019-04-21 12:12:41+00:00,9.99,AirBeamTV BV,0.0,0,2019
Mirror for Fire TV,Photo & Video,2019-04-21 12:04:08+00:00,9.99,AirBeamTV BV,0.0,0,2019
Mirror for LG Smart TV,Photo & Video,2020-11-10 08:33:25+00:00,9.99,AirBeamTV BV,0.0,0,2020
Mirror for Panasonic TV,Photo & Video,2019-04-19 07:12:34+00:00,9.99,AirBeamTV BV,0.0,0,2019
Mirror for Philips TV,Photo & Video,2019-04-21 11:50:46+00:00,9.99,AirBeamTV BV,0.0,0,2019
Mirror for Roku,Photo & Video,2020-11-12 19:02:03+00:00,9.99,AirBeamTV BV,0.0,0,2020
Mirror for Roku - AirBeamTV,Photo & Video,2021-08-17 06:22:05+00:00,0.0,AirBeamTV BV,3.17685,1719,2021
Mirror for Samsung TV,Photo & Video,2021-08-18 15:08:21+00:00,0.0,AirBeamTV BV,3.02079,2261,2021
Mirror for Sony Smart TV,Photo & Video,2021-08-12 20:59:50+00:00,0.0,AirBeamTV BV,3.20573,384,2021
Mirror for Sony TV,Photo & Video,2020-11-18 18:50:04+00:00,9.99,AirBeamTV BV,0.0,0,2020
LübeckTour,Travel,2020-03-07 17:12:33+00:00,0.0,Stadtwerke Lübeck GmbH,0.0,0,2020
FAMK Rechnungen,Finance,2018-05-15 07:18:27+00:00,0.0,Freie Arzt- und Medizinkasse der Angehorigen der Berufsfeuerwehr und der Polizei VVaG,0.0,0,2018
Smarttrace - Fleet Management,Business,2021-10-10 14:26:51+00:00,0.0,SamTech Middle East,0.0,0,2021
SME Centre @SCCCI,Business,2019-02-20 13:59:29+00:00,0.0,Amtology,0.0,0,2019
SME ICC,Business,2018-08-14 23:27:29+00:00,0.0,Amtology,0.0,0,2018
SMECC 2019,Business,2019-04-15 00:03:18+00:00,0.0,Amtology,0.0,0,2019
Chromecast TV Screen Mirroring,Photo & Video,2021-08-25 05:15:12+00:00,0.0,AirBeamTV BV,2.85517,145,2021
Reise + Geld,Travel,2019-05-29 10:01:04+00:00,0.0,Bundesverband deutscher Banken,5.0,1,2019
ElsterSmart,Utilities,2021-09-24 10:44:26+00:00,0.0,Bayerisches Landesamt fuer Steuern,2.5,4,2021
AmTrust AG,Finance,2019-01-09 02:18:44+00:00,0.0,"AmTrust Financial Services, Inc.",1.0,3,2019
FinanzOnline [+],Finance,2021-09-24 21:30:36+00:00,0.0,Bundesministerium für Finanzen,0.0,0,2021
TNT Saving,Finance,2021-07-19 02:17:52+00:00,0.0,THAINAMTHIP SAVING AND CREDIT CO-OPERATIVE LIMITED,0.0,0,2021
GdW-Kiosk,Finance,2020-05-20 17:02:06+00:00,0.0,GdW Bundesverband e.V.,0.0,0,2020
My M Safety - SDS & Label,Business,2021-09-09 21:10:31+00:00,0.0,"Merck KGaA (Darmstadt, Germany)",4.33333,6,2021
CityApp Herten,Education,2020-08-18 14:27:41+00:00,0.0,Stadt Herten,0.0,0,2020
Blumberg digital,Travel,2020-08-06 15:26:39+00:00,0.0,Stadt Blumberg,0.0,0,2020
Solothurn,Navigation,2016-07-05 20:41:02+00:00,0.0,Deutsche Stadtmarketing GmbH,0.0,0,2016
Stadtmarketing Arnsberg,Business,2021-09-01 21:51:47+00:00,0.0,Stadt Arnsberg,0.0,0,2021
Stadtmuseum Stockach,Education,2021-06-15 18:03:25+00:00,0.0,Stadtmuseum Stockach,0.0,0,2021
Beihilfe Bund,Finance,2021-07-26 14:38:43+00:00,0.0,Bundesverwaltungsamt,0.0,0,2021
Standort Meschede,Business,2021-09-01 21:54:17+00:00,0.0,Stadtmarketing Meschede e.V.,0.0,0,2021
Ausbildung finden - TalentHero,Education,2021-09-14 22:21:27+00:00,0.0,meinestadt.de GmbH,5.0,1,2021
ZamWallet Buy Crypto with Card,Finance,2021-09-11 20:11:03+00:00,0.0,ZAMZAMTECHNOLOGY OU,0.0,0,2021
Zamzam денежные переводы в СНГ,Finance,2021-08-21 07:37:15+00:00,0.0,ZAMZAMTECHNOLOGY OU,0.0,0,2021
Tourismus St. Michael,Travel,2019-06-05 16:40:54+00:00,0.0,Marktgemeinde St. Michael,0.0,0,2019
MySite Observation Reporting,Business,2021-10-11 16:12:21+00:00,0.0,"Merck KGaA (Darmstadt, Germany)",0.0,0,2021
Spacetailor,Utilities,2021-01-13 06:51:32+00:00,0.0,Teamtailor,3.0,2,2021
Smart TV Remote Control Plus,Utilities,2021-08-27 15:33:46+00:00,0.0,DreamTeam Apps,4.65789,38,2021
Baby & Essen,Food & Drink,2019-11-22 00:54:54+00:00,0.0,Bundesanstalt für Landwirtschaft und Ernährung,0.0,0,2019
Smart Trader,Finance,2016-07-15 00:51:57+00:00,0.0,"Dreamtechs, Inc.",5.0,1,2016
SmartBill הנהלת חשבונות,Finance,2020-02-13 17:28:02+00:00,0.0,Sagi Damti,0.0,0,2020
Afrisells,Shopping,2020-11-19 18:48:45+00:00,0.0,Mohamed Rahamtalla,4.8205,39,2020
Eatify: Discounted Restaurants,Food & Drink,2021-09-29 13:34:32+00:00,0.0,RAMTECH IBERIA SOCIEDAD LIMITADA,0.0,0,2021
Spectrum SD,Business,2020-03-23 23:44:59+00:00,0.0,Amtelco,1.60714,28,2020
Sobflous,Finance,2021-04-17 06:48:15+00:00,0.0,Hamtel,5.0,1,2021
AWISTA-eLoerni,Education,2019-02-20 19:55:55+00:00,0.0,AWISTA Gesellschaft für Abfallwirtschaft und Stadtreinigung mbH,0.0,0,2019
Harbin,Food & Drink,2020-08-11 01:56:29+00:00,0.0,DreamtechLogic,0.0,0,2020
Deliverit,Food & Drink,2021-07-08 13:18:07+00:00,0.0,HERMANNSTADT SOFTWARE,0.0,0,2021
BMF APP,Finance,2021-07-13 07:49:18+00:00,0.0,Bundesministerium für Finanzen,0.0,0,2021
BMF Belegcheck,Finance,2019-05-13 09:15:53+00:00,0.0,Bundesministerium für Finanzen,1.0,1,2019
Gatoes Food & Grocery Delivery,Food & Drink,2021-06-06 15:33:33+00:00,0.0,Zamtar Tech Private Limited,5.0,4,2021
Nasdel,Food & Drink,2019-08-28 22:28:25+00:00,0.0,Mohamed Rahamtalla,0.0,0,2019
Was ich esse,Food & Drink,2020-10-07 19:54:54+00:00,0.0,Bundesanstalt für Landwirtschaft und Ernährung,3.33333,3,2020
St. Gallen App,Navigation,2016-07-06 01:16:32+00:00,0.0,Deutsche Stadtmarketing GmbH,0.0,0,2016
Stadt Wien – Wiener Wohnen,Business,2021-08-16 22:05:56+00:00,0.0,Stadt Wien - Wiener Wohnen,0.0,0,2021
Stadtwerke Düsseldorf Service,Utilities,2021-08-09 06:01:38+00:00,0.0,Stadtwerke Düsseldorf AG,0.0,0,2021
STAWAG Prepaid-Strom,Business,2021-09-14 21:14:07+00:00,0.0,Stadtwerke Aachen Aktiengesellschaft,0.0,0,2021
Steuerberaterkongress,Business,2020-01-24 21:11:15+00:00,0.0,Bundessteuerberaterkammer,0.0,0,2020
Von Daheim BW,Food & Drink,2020-12-28 08:14:17+00:00,0.0,Ministerium fur Landlichen Raum und Verbraucherschutz (MLR),0.0,0,2020
AzubiWelt,Business,2021-09-24 11:17:38+00:00,0.0,Bundesagentur für Arbeit,5.0,1,2021
Lost Dog Cafe Binghamton,Food & Drink,2021-03-12 18:36:39+00:00,0.0,Lost Dog Cafe Binghamton,0.0,0,2021
Strada Nova,Productivity,2019-05-03 14:41:52+00:00,0.0,Vamtech,0.0,0,2019
Zoulak Food Delivery,Food & Drink,2018-06-01 17:04:45+00:00,0.0,Mohamed Rahamtalla,0.0,0,2018
Zoulak Order Taking App,Food & Drink,2018-05-16 12:25:43+00:00,0.0,Mohamed Rahamtalla,0.0,0,2018
Zu gut für die Tonne!,Food & Drink,2018-06-01 17:54:45+00:00,0.0,Bundesministerium für Ernährung und Landwirtschaft,5.0,3,2018
"Dresden, alles in einer App",Travel,2018-04-12 22:19:50+00:00,0.0,Deutsche Stadtmarketing GmbH,0.0,0,2018
Drink Water Reminder Tracker,Health & Fitness,2020-02-25 15:56:10+00:00,0.0,Matthew Hernstadt,4.50988,2024,2020
Survey Genius - Feedback System,Business,2015-08-19 00:21:00+00:00,0.0,SAMTEQ,0.0,0,2015
Mittagsplaner,Food & Drink,2021-04-20 14:54:24+00:00,0.0,Tourismusverband Salzburger Altstadt,0.0,0,2021
SWF-Cloud,Business,2021-02-06 00:03:34+00:00,0.0,Stadtwerke Fellbach,0.0,0,2021
CrisCond,Developer Tools,2021-07-25 10:52:32+00:00,0.0,Amtctech Ltd.,0.0,0,2021
SWN Doc Manager,Business,2021-02-05 23:55:26+00:00,0.0,Stadtwerke Neumarkt i.d. Oberpfalz Energie GmbH,0.0,0,2021
Pizza Schad,Food & Drink,2021-10-06 18:00:50+00:00,0.0,Amtul Mateen Zeervi,0.0,0,2021
Freistädter Bier,Food & Drink,2020-12-15 20:18:00+00:00,0.0,Braucommune in Freistadt,0.0,0,2020
Sportstadt Mainz,Sports,2019-03-02 07:23:01+00:00,0.0,Stadtsportverband Mainz e.V.,0.0,0,2019
Spalter Bier,Food & Drink,2021-07-29 07:53:11+00:00,0.0,Stadtbrauerei Spalt,0.0,0,2021
BURGERAMT,Food & Drink,2021-05-29 14:46:05+00:00,0.0,BURGERAMT,0.0,0,2021
Stadtmagazin Zug,News,2020-04-02 18:07:57+00:00,0.0,Stadtverwaltung Zug,0.0,0,2020
Sroksrae,Food & Drink,2021-03-22 03:20:39+00:00,0.0,Ley Kamthong,0.0,0,2021
Abenteuerpfad Walzenhausen,Sports,2020-07-10 19:11:49+00:00,0.0,Gemeindeverwaltung Walzenhausen,0.0,0,2020
Baby-App Gladbeck,Health & Fitness,2021-09-02 14:10:03+00:00,0.0,Stadt Gladbeck,0.0,0,2021
KARSTADT TKD,Health & Fitness,2020-10-07 15:18:57+00:00,0.0,David Karstadt,0.0,0,2020
KBV2GO!,Medical,2021-04-27 12:40:47+00:00,0.0,Kassenaerztliche Bundesvereinigung,0.0,0,2021
Camtech Health,Health & Fitness,2021-10-08 11:27:52+00:00,0.0,Camtech Diagnostics Pte Ltd,0.0,0,2021
Jump Fitness Pfungstadt,Health & Fitness,2021-02-08 15:26:41+00:00,0.0,Fitness- und Freizeitcenter Pfungstadt GmbH,0.0,0,2021
Fertility Friend FF App,Health & Fitness,2021-09-23 23:53:59+00:00,0.0,Tamtris Web Services Inc.,4.81656,5206,2021
KSB Landkreis Rostock,Sports,2021-05-07 17:12:11+00:00,0.0,Kreissportbund Landkreis Rostock e.V.,0.0,0,2021
Saisonkalender,Health & Fitness,2021-03-12 10:04:57+00:00,0.0,Bundesanstalt für Landwirtschaft und Ernährung,0.0,0,2021
Samten,Health & Fitness,2021-08-20 16:26:11+00:00,0.0,Samten Limited,3.85714,7,2021
Heilabilun,Health & Fitness,2021-04-25 17:10:47+00:00,0.0,Alzheimersamtokin a Islandi,0.0,0,2021
Betriebssport Stadt Düsseldorf,Sports,2021-03-09 11:52:31+00:00,0.0,Betriebssportgemeinschaft der Stadtverwaltung Düsseldorf e.V.,0.0,0,2021
SC Siemensstadt e.V.,Sports,2020-02-12 22:30:28+00:00,0.0,Sport Club Siemensstadt Berlin e.V.,0.0,0,2020
BfR-Vergiftungsunfälle,Medical,2021-08-20 12:29:46+00:00,0.0,Bundesinstitut fuer Risikobewertung,0.0,0,2021
TG 1846 Worms Hockey e.V.,Sports,2020-07-29 12:02:17+00:00,0.0,Turngemeinde 1846 Worms-Hockey-e.V.,0.0,0,2020
TG 1862 e.V. Rüsselsheim,Sports,2021-02-11 21:25:42+00:00,0.0,Turngemeinde 1862 e.V. Rüsselsheim,0.0,0,2021
TG Hanau,Sports,2021-03-03 10:25:57+00:00,0.0,Turngemeinde 1837 Hanau a.V.,0.0,0,2021
TG Schierstein 1848 J.P.,Sports,2021-06-17 07:21:12+00:00,0.0,Turngemeinde Schierstein 1848 J.P.,0.0,0,2021
TGRgo,Health & Fitness,2021-04-22 20:30:45+00:00,0.0,Turngemeinde Rüdesheim 1847 e. V.,0.0,0,2021
Resonant Breathing,Health & Fitness,2021-07-06 07:00:00+00:00,0.0,John goodstadt,5.0,6,2021
ACORL,Health & Fitness,2021-06-14 14:53:36+00:00,0.0,DreamtechLogic,0.0,0,2021
Binaural Dream,Health & Fitness,2019-10-12 14:09:34+00:00,0.0,DreamThink LLC,4.48214,56,2019
Active City Hamburg,Health & Fitness,2021-08-23 07:03:07+00:00,0.0,Freie und Hansestadt Hamburg,0.0,0,2021
ADVA - ادڤا,Health & Fitness,2021-09-18 16:37:25+00:00,0.0,Salamtak App,4.5,2,2021
AktiVita Duderstadt,Health & Fitness,2021-08-26 12:58:00+00:00,0.0,AktiVita Duderstadt,0.0,0,2021
Alcohol Quiz,Health & Fitness,2017-04-12 09:00:50+00:00,0.0,Bundesamt für Gesundheit BAG,0.0,0,2017
AlkoSmart,Health & Fitness,2019-03-21 01:49:24+00:00,0.0,Samtala Prinsgarden AB,0.0,0,2019
Bad Friedrichshall,Travel,2021-02-26 11:50:17+00:00,0.0,Stadt Bad friedrichshall,0.0,0,2021
TSG1848 Heidesheim,Sports,2020-11-06 11:56:55+00:00,0.0,Turn- und Sportgemeinde von 1848 Heidesheim e. V.,0.0,0,2020
TSV Taunusstein-Bleidenstadt,Sports,2019-05-28 20:04:04+00:00,0.0,TSV Taunusstein-Bleidenstadt e.V.,0.0,0,2019
Luftqualität,Health & Fitness,2021-09-21 08:44:36+00:00,0.0,Umweltbundesamt,5.0,5,2021
American Eye Center App,Health & Fitness,2020-05-07 20:42:58+00:00,0.0,Namtran Pham,0.0,0,2020
Turnverein 1890 Hallstadt e.V.,Sports,2020-03-20 16:58:23+00:00,0.0,Turnverein 1890 Hallstadt e.V.,0.0,0,2020
TV 1899 Ellerstadt,Sports,2020-08-18 08:14:30+00:00,0.0,TV 1899 Ellerstadt e.V.,0.0,0,2020
TV Altenstadt,Sports,2020-10-15 16:07:15+00:00,0.0,TV Altenstadt e.V.,0.0,0,2020
Meine AOK,Health & Fitness,2021-10-11 11:40:46+00:00,0.0,AOK Bundesverband,4.92307,13,2021
Menstrual Calendar FMC,Health & Fitness,2021-09-15 22:14:49+00:00,0.0,Tamtris Web Services Inc.,4.6185,173,2021
Covid Care beider Basel,Health & Fitness,2021-05-13 17:04:32+00:00,0.0,Gesundheitsdepartement des Kantons Basel-Stadt,0.0,0,2021
COVID Certificate,Health & Fitness,2021-10-04 07:39:01+00:00,0.0,Bundesamt für Gesundheit BAG,3.5625,32,2021
COVID Certificate Check,Health & Fitness,2021-10-04 07:39:13+00:00,0.0,Bundesamt für Gesundheit BAG,3.125,8,2021
BSG Stadt Köln,Sports,2020-10-31 21:19:25+00:00,0.0,Betriebssportgemeinschaft Stadt Köln e.V.,0.0,0,2020
AOK Bayern eRezept,Health & Fitness,2021-09-01 11:40:10+00:00,0.0,AOK Bundesverband,0.0,0,2021
AOK Mein Leben,Health & Fitness,2021-09-07 12:58:52+00:00,0.0,AOK Bundesverband,0.0,0,2021
AOK Schwanger - Gesund Leben,Health & Fitness,2021-10-13 08:53:49+00:00,0.0,AOK Bundesverband,5.0,4,2021
Gemeinde Bindlach,News,2021-02-19 17:15:52+00:00,0.0,Gemeinde Bindlach,0.0,0,2021
Gemeinde Klaus,News,2021-10-04 13:42:14+00:00,0.0,Gemeinde Plus,0.0,0,2021
Gemeinde Roßbach,Travel,2019-11-12 08:06:23+00:00,0.0,Gemeinde Roßbach,0.0,0,2019
Laxenburg,Shopping,2021-09-27 10:41:14+00:00,0.0,Marktgemeinde Laxenburg,0.0,0,2021
LD Track,Utilities,2019-06-12 23:33:06+00:00,0.0,shivamtech,0.0,0,2019
Silvalea,Medical,2021-07-25 10:55:18+00:00,0.0,Amtctech Ltd.,0.0,0,2021
JMC19,Navigation,2019-05-05 02:01:55+00:00,0.0,Bundesverband Deutscher Studentischer Unternehmensberatungen e. V.,0.0,0,2019
MS Kognition,Health & Fitness,2018-09-27 15:50:31+00:00,0.0,"Deutsche Multiple Sklerose Gesellschaft, Bundesverband e.V. / AMSEL, Aktion Multiple Sklerose Erkrankter, Landesverband der DMSG in Baden-Württemberg e.V.",0.0,0,2018
Global Gps India,Utilities,2021-01-26 12:56:25+00:00,0.0,shivamtech,0.0,0,2021
Inventcare,Utilities,2018-05-11 20:50:27+00:00,0.0,Amtex Software Solutions Pvt Ltd,5.0,1,2018
Raumgewinn,Utilities,2021-06-28 08:01:35+00:00,0.0,Wirtschaftsfoerderung im Landkreis Trier-Saarburg GmbH,0.0,0,2021
PSV App,Sports,2021-02-10 02:40:04+00:00,0.0,Polizeisportverein Rostock e.V.,0.0,0,2021
Neresheim,Travel,2019-12-11 19:16:08+00:00,0.0,Stadt Neresheim,0.0,0,2019
Neubulach,Travel,2021-02-04 15:21:46+00:00,0.0,Stadt Neubulach,0.0,0,2021
SSV Herzogenrath e.V.,Sports,2021-05-06 21:08:55+00:00,0.0,Stadtsportverband Herzogenrath e.V.,0.0,0,2021
AMTAN,Shopping,2021-10-07 14:39:12+00:00,0.0,AMTAN,5.0,21,2021
Steamtown Hot Yoga & Barre,Health & Fitness,2021-02-24 13:59:10+00:00,0.0,Steamtown Yoga LLC,5.0,1,2021
DRW Nukmed,Medical,2019-05-07 07:20:35+00:00,0.0,Bundesamt für Gesundheit BAG,0.0,0,2019
Green Guide - Grønnere valg,Navigation,2020-05-28 08:08:20+00:00,0.0,Framtiden I Våre Hender NORD,0.0,0,2020
MōTTIV,Health & Fitness,2021-05-18 06:03:00+00:00,0.0,TeamTrainiac,5.0,4,2021
Ottersweier,Travel,2020-10-08 22:20:57+00:00,0.0,Gemeinde Ottersweier,0.0,0,2020
Saarbrücken,Travel,2020-09-25 08:45:38+00:00,0.0,Landeshauptstadt Saarbrücken,0.0,0,2020
Apolda,Travel,2019-09-30 12:25:27+00:00,0.0,Stadt Apolda,0.0,0,2019
Mein HALLE Zuhause,Utilities,2021-02-03 09:27:07+00:00,0.0,Stadtwerke Halle GmbH,0.0,0,2021
Mein Speyer,Reference,2021-09-29 08:36:18+00:00,0.0,Stadtwerke Speyer GmbH,0.0,0,2021
MeinJena ... meine App.,News,2021-04-20 12:41:54+00:00,0.0,Stadtwerke Jena GmbH,3.77778,9,2021
MeldeApp Wolfsburg,Utilities,2021-10-06 18:06:16+00:00,0.0,Stadt Wolfsburg,0.0,0,2021
Dräggwägg,Utilities,2021-03-17 15:44:57+00:00,0.0,Tiefbauamt Basel-Stadt,4.89655,29,2021
Riedlingen,Travel,2019-09-26 10:41:23+00:00,0.0,Stadt Riedlingen,0.0,0,2019
Upplev Norduppland,Travel,2020-04-08 13:58:33+00:00,0.0,Sisyfos Framtidsprojekt,0.0,0,2020
Uppsala City,Travel,2021-09-22 07:16:17+00:00,0.0,Sisyfos Framtidsprojekt,0.0,0,2021
SwissCovid,Medical,2021-09-13 10:20:38+00:00,0.0,Bundesamt für Gesundheit BAG,4.7,40,2021
Landkreis Osnabrück News,News,2021-09-27 03:23:06+00:00,0.0,Landkreis Osnabrück,0.0,0,2021
Piatra Neamț City App,Travel,2021-01-07 15:47:59+00:00,0.0,Municipiul Piatra Neamt,0.0,0,2021
Sauberes Zürich,Utilities,2021-01-29 10:55:33+00:00,0.0,"Stadt Zürich, ERZ Entsorgung + Recycling Zürich",2.0,4,2021
Weißwass(er)leben,Reference,2021-09-17 16:25:08+00:00,0.0,Stadtwerke Weißwasser GmbH,0.0,0,2021
WeParent - Co-Parenting App,Productivity,2021-10-13 10:26:48+00:00,0.0,FamTerra Inc.,4.40205,582,2021
Kerbe Magazin,Medical,2021-04-16 18:52:19+00:00,0.0,Evangelische Gemeindepresse GmbH,0.0,0,2021
Schwieberdingen,Travel,2021-08-20 16:31:41+00:00,0.0,Gemeinde Schwieberdingen,0.0,0,2021
Klinikum Crailsheim,Medical,2021-02-19 11:27:36+00:00,0.0,Landkreis Schwäbisch Hall Klinikum gGmbH,0.0,0,2021
BSR - Berliner Stadtreinigung,Utilities,2021-10-07 15:25:08+00:00,0.0,Berliner Stadtreinigung (BSR),0.0,0,2021
Lützelflüh,Utilities,2021-01-05 23:29:57+00:00,0.0,Einwohnergemeinde Luetzelflueh,0.0,0,2021
Ruppin2GO,Reference,2021-09-28 14:49:02+00:00,0.0,Stadtwerke Neuruppin GmbH,0.0,0,2021
MomentMD,Medical,2020-10-02 14:04:50+00:00,0.0,Amtekh Inc.,5.0,26,2020
Tinnitus,Medical,2021-05-10 01:46:24+00:00,0.0,John goodstadt,3.33333,3,2021
Ticker Factory Widget,Utilities,2020-12-10 18:26:54+00:00,0.0,Tamtris Web Services Inc.,4.0,2,2020
Cooles Wien,Navigation,2021-06-17 05:40:38+00:00,0.0,Stadt Wien,0.0,0,2021
COONO,Travel,2021-09-03 21:51:27+00:00,0.0,Stadtwerke Tübingen GmbH,0.0,0,2021
Aalen GeoApp,Travel,2015-11-17 14:35:22+00:00,0.0,Stadt Aalen,0.0,0,2015
Aarau,Travel,2016-11-09 23:31:47+00:00,0.0,Deutsche Stadtmarketing GmbH,0.0,0,2016
Baden,Navigation,2016-11-12 18:39:43+00:00,0.0,Deutsche Stadtmarketing GmbH,0.0,0,2016
Basel,Travel,2020-05-29 18:13:32+00:00,0.0,Deutsche Stadtmarketing GmbH,5.0,2,2020
Basel Stadtplan,Navigation,2021-03-25 07:13:53+00:00,0.0,Grundbuch- und Vermessungsamt Basel-Stadt,0.0,0,2021
Bern,Travel,2016-11-11 16:15:41+00:00,0.0,Deutsche Stadtmarketing GmbH,0.0,0,2016
Bielefeld Bürgerservice,News,2018-11-21 17:57:28+00:00,0.0,Stadt Bielefeld,0.0,0,2018
Aman Taxi - Captain,Navigation,2017-08-09 10:32:35+00:00,0.0,"Dreamtechs, Inc.",0.0,0,2017
AMT Genova,Utilities,2021-07-09 06:27:07+00:00,0.0,AMT Genova S.p.A.,0.0,0,2021
Hanau Stadt,Travel,2016-07-09 01:54:06+00:00,0.0,Deutsche Stadtmarketing GmbH,0.0,0,2016
KA mobil,Navigation,2019-10-07 09:26:19+00:00,0.0,Stadt Karlsruhe,0.0,0,2019
KAPO GR,News,2021-07-05 08:40:22+00:00,0.0,Kantonspolizei Graubünden,0.0,0,2021
KAPO ZH,News,2021-07-05 08:51:52+00:00,0.0,Kantonspolizei Zürich,0.0,0,2021
Silberstadt® Freiberg,Travel,2020-02-04 22:04:14+00:00,0.0,Silberstadt Freiberg,0.0,0,2020
Geodaten Neu-Ulm,Travel,2016-09-17 05:37:10+00:00,0.0,Stadt Neu-Ulm,0.0,0,2016
"Buxtuell – Schlau, wer sie hat",Shopping,2021-09-20 18:25:13+00:00,0.0,Stadtwerke Buxtehude GmbH,0.0,0,2021
Bürger-App für Ladenburg,News,2021-03-20 11:29:57+00:00,0.0,Stadt Ladenburg,0.0,0,2021
ISamtech,Navigation,2017-06-16 18:55:55+00:00,0.0,Samtech S.A.,0.0,0,2017
Arosa App,Travel,2016-07-16 18:04:40+00:00,0.0,Deutsche Stadtmarketing GmbH,0.0,0,2016
Hol mich! App,Travel,2020-11-23 19:50:32+00:00,0.0,Wuppertaler Stadtwerke,0.0,0,2020
DSW21,Travel,2021-06-16 12:42:12+00:00,0.0,Dortmunder Stadtwerke AG,5.0,1,2021
Cityguide Zug,Navigation,2016-11-17 18:14:07+00:00,0.0,Deutsche Stadtmarketing GmbH,0.0,0,2016
ClaroGPS Chile,Utilities,2016-05-25 13:56:02+00:00,0.0,Samtech S.A.,0.0,0,2016
SisnStyle,Shopping,2020-02-24 03:18:30+00:00,0.0,Mohamed Rahamtalla,0.0,0,2020
Meerbusch,Navigation,2016-06-29 21:59:39+00:00,0.0,Deutsche Stadtmarketing GmbH,0.0,0,2016
LOOPmünster,Navigation,2021-10-04 20:13:51+00:00,0.0,Stadtwerke Münster GmbH,0.0,0,2021
Protrack365,Utilities,2021-10-08 12:23:49+00:00,0.0,shivamtech,3.0,2,2021
MyRoMed,Medical,2020-10-07 16:46:01+00:00,0.0,Kliniken der Stadt und des Landkreises Rosenheim GmbH,0.0,0,2020
Luzern,Travel,2020-05-29 18:01:18+00:00,0.0,Deutsche Stadtmarketing GmbH,0.0,0,2020
MeinHeidelberg,Navigation,2021-09-22 22:23:39+00:00,0.0,Stadt Heidelberg,1.0,1,2021
Parking Hero Mobile,Navigation,2021-09-26 19:15:35+00:00,0.0,www.yazamtec.com,5.0,1,2021
Yala Partner,Travel,2020-02-13 20:14:25+00:00,0.0,Mohamed Rahamtalla,0.0,0,2020
Yala User,Travel,2020-02-14 15:51:56+00:00,0.0,Mohamed Rahamtalla,0.0,0,2020
BA SGB II,News,2015-02-18 11:09:46+00:00,0.0,Bundesagentur für Arbeit,0.0,0,2015
Bad Belzig App,News,2021-08-19 00:42:20+00:00,0.0,Stadt Bad Belzig,0.0,0,2021
Baden-Baden MOBIL,Travel,2021-05-18 15:38:30+00:00,0.0,Stadt Baden-Baden,0.0,0,2021
Region Bülach,Travel,2016-09-09 17:27:33+00:00,0.0,Deutsche Stadtmarketing GmbH,0.0,0,2016
NJIT MAP for Students,Travel,2016-09-11 03:20:18+00:00,0.0,Rayen Kamta,5.0,1,2016
Falkenberg App,News,2021-08-19 08:33:12+00:00,0.0,Verbandsgemeinde Liebenwerda,0.0,0,2021
Abfall-App Landkreis Lörrach,Utilities,2021-06-28 21:22:09+00:00,0.0,Abfallwirtschaft Landkreis Loerrach,0.0,0,2021
ACHTUNG.Passau!,News,2021-03-22 15:38:00+00:00,0.0,Stadtverwaltung Passau,0.0,0,2021
Landeshauptstadt Stuttgart,News,2020-09-30 16:07:17+00:00,0.0,Landeshauptstadt Stuttgart,0.0,0,2020
KAPO Aargau,News,2018-11-23 12:43:09+00:00,0.0,Kantonspolizei Aargau,0.0,0,2018
Obermumpf,News,2021-02-26 16:24:21+00:00,0.0,Gemeinde Obermumpf,0.0,0,2021
Sarganserland App,Travel,2016-09-16 15:00:44+00:00,0.0,Deutsche Stadtmarketing GmbH,0.0,0,2016
Nathürlich,News,2020-09-10 00:29:43+00:00,0.0,Gemeinde Kradolf-Schönenberg,0.0,0,2020
Mainhausen App,News,2019-06-04 13:42:26+00:00,0.0,Gemeinde Mainhausen,0.0,0,2019
Nufringen,News,2021-02-05 11:53:02+00:00,0.0,Gemeinde Nufringen,0.0,0,2021
RiderTaxi Rider,Travel,2019-01-29 17:58:34+00:00,0.0,Mohamed Rahamtalla,0.0,0,2019
Eisenhüttenstadt-App,News,2021-09-07 10:12:16+00:00,0.0,Stadt Eisenhüttenstadt,0.0,0,2021
Hauptstadt.TV,News,2021-05-31 12:55:06+00:00,0.0,Hauptstadt TV GmbH,0.0,0,2021
Teilhabeberatung,Navigation,2021-07-29 10:38:09+00:00,0.0,Bundesministerium für Arbeit und Soziales,0.0,0,2021
HERDECKERleben,Reference,2020-10-05 20:25:55+00:00,0.0,Stadt Herdecke,0.0,0,2020
Herne-App,News,2021-09-29 11:21:40+00:00,0.0,Stadt Herne,0.0,0,2021
"Pflegedienst ""Stadt und Land""",News,2021-06-23 21:42:48+00:00,0.0,"Pflegedienst ""Stadt und Land"" GmbH",0.0,0,2021
Mein HALLE,News,2019-11-25 07:09:17+00:00,0.0,Stadtwerke Halle GmbH,0.0,0,2019
Meine LHW,News,2021-06-20 12:07:32+00:00,0.0,Landeshauptstadt Wiesbaden,0.0,0,2021
MeinMichendorf,News,2021-07-29 21:04:36+00:00,0.0,Gemeinde Michendorf,0.0,0,2021
SHPol,News,2021-07-22 06:18:25+00:00,0.0,Schaffhauser Polizei,0.0,0,2021
Alles Schwedt,Reference,2020-12-03 13:46:56+00:00,0.0,Stadtwerke Schwedt GmbH,0.0,0,2020
Polizei Basel,News,2021-07-20 09:47:39+00:00,0.0,Kantonspolizei Basel-Stadt,0.0,0,2021
Birkenwerder App,News,2021-08-19 08:32:26+00:00,0.0,Gemeinde Birkenwerder,0.0,0,2021
Evangelisches Gemeindeblatt,Magazines & Newspapers,2021-04-16 15:45:11+00:00,0.0,Evangelische Gemeindepresse GmbH,0.0,0,2021
Polizei,News,2019-06-18 10:02:00+00:00,0.0,Bundesministerium fuer Inneres,0.0,0,2019
Polizei Brandenburg,News,2021-09-17 12:47:33+00:00,0.0,Polizei Brandenburg,4.5,2,2021
Polizei FL,News,2021-05-12 21:19:51+00:00,0.0,Landespolizei Fürstentum Liechtenstein,0.0,0,2021
MTN TRACKING Plus,Navigation,2019-11-20 22:56:43+00:00,0.0,CAMTRACK,0.0,0,2019
Kyritz,News,2021-08-30 20:44:35+00:00,0.0,Stadt Kyritz,0.0,0,2021
SmaLa,Utilities,2021-09-20 14:28:37+00:00,0.0,"stadtraum - Gesellschaft für Raumplanung, Städtebau & Verkehrstechnik mbH",0.0,0,2021
Gemeinde Köniz,News,2021-01-05 16:43:51+00:00,0.0,Gemeinde Koeniz,0.0,0,2021
Gemeinde Wiedlisbach,News,2021-01-05 23:30:11+00:00,0.0,Einwohnergemeinde Wiedlisbach,0.0,0,2021
Der Freiämter,News,2021-05-09 06:51:27+00:00,0.0,Freiamter Regionalzeitungen AG,0.0,0,2021
Deutscher Bundestag,News,2020-09-18 22:25:39+00:00,0.0,Deutscher Bundestag,4.5,2,2020
Service-App Eppingen,News,2019-12-17 15:49:38+00:00,0.0,Stadt Eppingen,0.0,0,2019
Winterthur App,Navigation,2016-07-26 16:55:37+00:00,0.0,Deutsche Stadtmarketing GmbH,0.0,0,2016
Tracklite,Navigation,2017-01-02 13:43:47+00:00,0.0,Samtech S.A.,0.0,0,2017
WSW move - Fahrplan,Travel,2021-09-27 08:05:25+00:00,0.0,Wuppertaler Stadtwerke,0.0,0,2021
Bremgarter Bezirks Anzeiger,News,2021-08-07 15:43:43+00:00,0.0,Freiamter Regionalzeitungen AG,0.0,0,2021
Vigiloo EXPOs,News,2019-05-10 23:45:56+00:00,0.0,SeamTrack S.L.,0.0,0,2019
Bundesliga Journal,News,2018-08-22 23:28:43+00:00,0.0,BLM Marketing & Event Gesellschaft der Oesterreichischen Fussball-Bundesliga m.b.H.,0.0,0,2018
Bundesregierung,News,2021-03-22 09:26:27+00:00,0.0,Presse- und Informationsamt der Bundesregierung,0.0,0,2021
Weitramsdorf,News,2021-03-26 07:59:08+00:00,0.0,Gemeinde Weitramsdorf,0.0,0,2021
Wendelinusbote,News,2021-01-28 09:02:55+00:00,0.0,Rom. Kath. Kirchengemeinde St. Wendelin Hotzenwald,0.0,0,2021
HD Wallpapers (Backgrounds),Photo & Video,2017-01-05 19:51:30+00:00,0.0,Sachin Mamtora,4.5,2,2017
Frankfurt (Oder) App,News,2021-09-13 10:54:27+00:00,0.0,Stadt Frankfurt (Oder),0.0,0,2021
Buron,News,2021-03-09 12:26:51+00:00,0.0,Stadt_Kaufbeuren,0.0,0,2021
Bw-Newsradar,News,2021-04-01 10:20:19+00:00,0.0,Bundesministerium der Verteidigung,0.0,0,2021
Grosshansdorf,News,2021-04-29 22:17:09+00:00,0.0,Franke Gemeinde Großhansdorf,0.0,0,2021
Stadt Schwäbisch Hall,Travel,2015-07-02 19:28:03+00:00,0.0,Stadt Schwäbisch Hall,0.0,0,2015
Stadtwerke Hamm moFahr,Travel,2021-10-08 06:14:39+00:00,0.0,Stadtwerke Hamm GmbH,0.0,0,2021
Statistikapp KOSIS,Navigation,2018-12-22 16:19:44+00:00,0.0,"KOSIS-Gemeinschaft KOSIS-App c/o Stadt Augsburg, Amt für Statistik und Stadtforschung",0.0,0,2018
Dietikon,News,2021-03-14 17:22:55+00:00,0.0,Stadtverwaltung Dietikon,0.0,0,2021
Digitales Amt,Productivity,2021-09-07 12:59:33+00:00,0.0,Bundesministerium fur Digitalisierung und Wirtschaftsstandort,5.0,2,2021
Wohler Anzeiger,News,2021-08-07 15:45:57+00:00,0.0,Freiamter Regionalzeitungen AG,0.0,0,2021
Ditzingen,Travel,2020-11-13 06:30:56+00:00,0.0,Stadt Ditzingen,3.0,1,2020
SWG eMobil-App,Utilities,2019-04-27 11:02:02+00:00,0.0,Stadtwerke Göttingen,0.0,0,2019
SWI e-motion,Utilities,2021-06-02 07:56:58+00:00,0.0,Stadtwerke Ingolstadt Beteiligungen GmbH,0.0,0,2021
SWK unterwegs,Travel,2021-06-21 08:00:53+00:00,0.0,SWK STADTWERKE KREFELD AG,0.0,0,2021
Album for Drawing,Photo & Video,2013-06-07 02:01:32+00:00,0.0,Uladzimir Khramtsou,5.0,2,2013
Wullersdorf,Utilities,2021-09-16 08:58:49+00:00,0.0,Marktgemeinde Wullersdorf,0.0,0,2021
Bildhonorare,Photo & Video,2021-03-30 17:28:13+00:00,0.0,Bundesverband professioneller Bildanbieter e.V.,0.0,0,2021
THW aktuell,News,2016-11-01 20:10:44+00:00,0.0,Bundesanstalt Technisches Hilfswerk (THW),0.0,0,2016
Stadt Fürth,News,2021-03-21 20:04:49+00:00,0.0,Stadt Fürth,5.0,1,2021
Stadt Köln - Die offizielle App,Reference,2017-04-24 09:45:23+00:00,0.0,Stadt Köln,0.0,0,2017
Stadt Langenfeld,News,2021-05-06 08:31:06+00:00,0.0,Stadt Langenfeld,0.0,0,2021
Stadtnachrichten Waidhofen,News,2021-03-19 14:57:22+00:00,0.0,Magistrat der Stadt Waidhofen an der Ybbs,0.0,0,2021
Stadtrevue,News,2021-01-27 15:10:19+00:00,0.0,Stadtrevue Verlag GmbH,0.0,0,2021
Stapo News,News,2019-11-13 21:04:59+00:00,0.0,Stadtpolizei Zürich,0.0,0,2019
D.C.A,Utilities,2020-06-20 08:32:47+00:00,0.0,Vamtech,0.0,0,2020
Faces - Contacts Manager,Utilities,2018-07-15 21:03:11+00:00,0.0,Höhere Technische Bundeslehranstalt Hollabrunn,5.0,2,2018
Screen Recorder - Record it!,Photo & Video,2021-08-18 06:41:42+00:00,0.0,DreamTeam Apps,4.61364,88,2021
Abfallinfo SHA,Productivity,2020-04-09 14:13:09+00:00,0.0,Landkreis Schwabisch Hall,0.0,0,2020
Geeks Document Scanner,Productivity,2019-10-03 20:39:31+00:00,0.0,Rayen Kamta,0.0,0,2019
Gemeinde Gerzensee,Utilities,2021-01-06 17:23:57+00:00,0.0,Gemeinde Gerzensee,0.0,0,2021
Gemeinde Train,Productivity,2021-05-20 15:19:52+00:00,0.0,Gemeinde Train,0.0,0,2021
Mörlenbach,Travel,2021-03-03 13:14:04+00:00,0.0,Gemeinde Moerlenbach,0.0,0,2021
ACS Now CAP,Utilities,2019-05-03 21:46:39+00:00,0.0,Streamtext Info,0.0,0,2019
Saal an der Donau,Productivity,2021-01-28 14:18:43+00:00,0.0,Gemeinde Saal an der Donau,0.0,0,2021
X.app,Utilities,2021-08-05 02:34:30+00:00,0.0,Artem Khramtsov,4.70465,860,2021
Landkreis Fulda,Utilities,2021-05-13 10:10:19+00:00,0.0,Landkreis Fulda,0.0,0,2021
Egweil,Productivity,2021-03-30 15:40:19+00:00,0.0,Gemeinde Egweil,0.0,0,2021
Karkhana - Factory Management,Productivity,2021-05-13 11:20:35+00:00,0.0,Famtech Software Private Limited,0.0,0,2021
Trimbach,News,2021-06-23 15:19:14+00:00,0.0,Einwohnergemeinde Trimbach,0.0,0,2021
Adelschlag,Productivity,2020-10-01 17:12:21+00:00,0.0,Gemeinde Adelschlag,0.0,0,2020
Car Booking,Utilities,2020-07-22 09:48:22+00:00,0.0,Wamtek GmbH,0.0,0,2020
Ideen&Mängel Georgsmarienhütte,Productivity,2019-07-02 11:25:32+00:00,0.0,Stadt Georgsmarienhütte,0.0,0,2019
Gladbeck-App,Productivity,2021-08-27 09:40:15+00:00,0.0,Stadt Gladbeck,0.0,0,2021
Vehicle Service,Productivity,2017-12-02 04:33:47+00:00,0.0,Wamtek GmbH,0.0,0,2017
Ihrlerstein,Productivity,2021-01-26 14:45:06+00:00,0.0,Gemeinde Ihrlerstein,0.0,0,2021
QR2id,Productivity,2021-07-23 14:34:56+00:00,0.0,Amtac - QR2id,5.0,2,2021
Spaichingen,Travel,2021-02-04 14:18:16+00:00,0.0,Stadt Spaichingen,0.0,0,2021
WaldExpert,Reference,2021-07-13 17:50:02+00:00,0.0,Ministerium fur Landlichen Raum und Verbraucherschutz (MLR),0.0,0,2021
Wamtek CM,Productivity,2021-05-04 22:29:42+00:00,0.0,Wamtek GmbH,0.0,0,2021
DIE Mietapp,Utilities,2020-09-02 15:54:55+00:00,0.0,Höhere Technische Bundeslehranstalt Hollabrunn,0.0,0,2020
Zamtel Connect,Utilities,2018-10-02 09:31:20+00:00,0.0,Zamtel,1.66667,6,2018
Digital Color Card,Productivity,2019-11-26 19:42:48+00:00,0.0,"Merck KGaA (Darmstadt, Germany)",5.0,3,2019
Zefix mobile,Productivity,2021-10-01 21:10:51+00:00,0.0,Eidgenössisches Polizei- und Justizdepartement EJPD,0.0,0,2021
GAF Recyclingkalender,Utilities,2021-01-05 22:33:22+00:00,0.0,Gemeindeverband Abfallbewirtschaftung Unteres Fricktal,0.0,0,2021
Lalden,Utilities,2021-10-12 10:18:31+00:00,0.0,Gemeinde Lalden,0.0,0,2021
LegalSat App,Productivity,2021-09-11 17:28:47+00:00,0.0,Latamtek,0.0,0,2021
Gemeinde Abtsgmünd,Travel,2021-10-05 06:20:26+00:00,0.0,Gemeinde Abtsgmuend,0.0,0,2021
Gemeinde Baltschieder,Utilities,2021-10-12 10:16:48+00:00,0.0,Gemeinde Baltschieder,0.0,0,2021
Gemeinde Beuren,Travel,2021-07-16 13:35:51+00:00,0.0,Buergermeisteramt Beuren,0.0,0,2021
Gemeinde Bitsch,Utilities,2020-11-07 10:39:12+00:00,0.0,Gemeinde Bitsch,0.0,0,2020
Gemeinde Böhmenkirch,Travel,2021-10-07 08:22:59+00:00,0.0,Gemeinde Boehmenkirch,0.0,0,2021
Gemeinde Eischoll,Utilities,2021-09-22 18:53:42+00:00,0.0,Gemeinde Eischoll,0.0,0,2021
Gemeinde Eisten,Utilities,2020-11-07 16:06:53+00:00,0.0,Gemeinde Eisten,0.0,0,2020
Gemeinde Embd,Utilities,2020-11-07 18:01:35+00:00,0.0,Gemeinde Embd,0.0,0,2020
Gemeinde Guttet-Feschel,Utilities,2021-10-12 09:48:21+00:00,0.0,Gemeinde Guttet-Feschel,0.0,0,2021
Gemeinde Gäufelden,Travel,2021-10-04 08:19:54+00:00,0.0,Gemeinde Gäufelden,0.0,0,2021
Gemeinde Hardthausen,Reference,2021-10-10 23:03:15+00:00,0.0,Gemeinde Hardthausen,0.0,0,2021
Gemeinde Keltern,Travel,2021-03-26 09:15:25+00:00,0.0,Gemeinde Keltern,0.0,0,2021
Gemeinde Naters,Utilities,2020-11-07 16:27:43+00:00,0.0,Gemeinde Naters,0.0,0,2020
Gemeinde Neckartailfingen,Travel,2021-04-01 12:54:46+00:00,0.0,Gemeinde Neckartailfingen,0.0,0,2021
Gemeinde Niedergesteln,Utilities,2021-01-12 12:53:21+00:00,0.0,Gemeinde Niedergesteln,0.0,0,2021
Gemeinde Pleidelsheim,Travel,2021-04-15 10:06:31+00:00,0.0,Gemeinde Pleidelsheim,0.0,0,2021
Gemeinde Rainau,Travel,2021-10-11 06:41:46+00:00,0.0,Gemeindeverwaltung Rainau,0.0,0,2021
Gemeinde Ried-Brig,Utilities,2021-10-08 13:28:19+00:00,0.0,Gemeinde Ried-Brig,0.0,0,2021
Gemeinde Staldenried,Utilities,2020-11-07 17:39:35+00:00,0.0,Gemeinde Staldenried,0.0,0,2020
Gemeinde Törbel,Utilities,2020-11-07 19:55:37+00:00,0.0,Gemeinde Törbel,0.0,0,2020
Gemeinde Unterkirnach,Travel,2021-09-03 06:35:53+00:00,0.0,Gemeinde Unterkirnach,0.0,0,2021
Sport in Nettetal,Sports,2019-12-31 08:00:00+00:00,0.0,Stadtsportverband Nettetal e.V.,0.0,0,2019
Air Translate Photo translator,Productivity,2021-04-25 18:21:47+00:00,0.0,DreamTeam Apps,4.28796,3292,2021
HeizLabel 2.0,Utilities,2019-09-27 06:28:40+00:00,0.0,Bundesministerium fuer Wirtschaft und Energie,0.0,0,2019
PiP Tool,Photo & Video,2021-06-14 15:40:38+00:00,0.0,Sebastian Stadtlich,0.0,0,2021
Berglen,Travel,2021-08-16 09:31:16+00:00,0.0,Gemeinde Berglen,0.0,0,2021
Bettmeralp,Utilities,2021-10-12 09:13:16+00:00,0.0,Gemeinde Bettmeralp,0.0,0,2021
BfR-Stellungnahmen,Reference,2020-04-21 09:24:25+00:00,0.0,Bundesinstitut fuer Risikobewertung,0.0,0,2020
BFS-Richtlinien,Reference,2021-06-16 13:46:19+00:00,0.0,Bundesausschuss Farbe und Sachwertschutz,0.0,0,2021
Kulturpunkte Hamburg,Travel,2021-10-11 15:28:25+00:00,0.0,Kulturbehörde Hamburg,0.0,0,2021
Team EQ Agility,Productivity,2018-08-04 22:28:14+00:00,0.0,"Teamtelligent, LLC",5.0,8,2018
Vigiloo,Utilities,2021-06-08 11:45:07+00:00,0.0,SeamTrack S.L.,0.0,0,2021
Großmehring,Productivity,2020-06-26 23:02:03+00:00,0.0,Gemeinde Grossmehring,0.0,0,2020
EventTool,Productivity,2021-07-24 08:40:49+00:00,0.0,Wamtek GmbH,0.0,0,2021
KuK! Stadt Detmold,Productivity,2021-06-28 18:33:53+00:00,0.0,Stadt Detmold,0.0,0,2021
Teamtailor Sourcing,Productivity,2021-06-10 18:28:45+00:00,0.0,Teamtailor,0.0,0,2021
TeamTelefoon Classic,Productivity,2020-02-17 08:56:28+00:00,0.0,TeamTelefoon B.V.,0.0,0,2020
Kümmer-App Cloppenburg,Productivity,2020-05-20 13:35:52+00:00,0.0,Stadt Cloppenburg,0.0,0,2020
Dit un Dat Stadt Emden,Productivity,2019-07-09 08:51:01+00:00,0.0,Stadt Emden,0.0,0,2019
GSA,Utilities,2020-02-25 17:17:18+00:00,0.0,Umweltbundesamt,0.0,0,2020
Denkendorf,Travel,2021-07-29 08:32:35+00:00,0.0,Gemeinde Denkendorf,0.0,0,2021
Agarn,Utilities,2021-10-06 15:16:21+00:00,0.0,Gemeinde Agarn,0.0,0,2021
EMD Millipore Chromatography Calculator,Reference,2016-09-20 20:47:18+00:00,0.0,"Merck KGaA (Darmstadt, Germany)",0.0,0,2016
Schau auf Leonding,Productivity,2021-01-26 14:02:50+00:00,0.0,Stadtgemeinde Leonding,0.0,0,2021
Schau auf St. Anton am Arlberg,Productivity,2021-05-21 20:47:33+00:00,0.0,Gemeinde St. Anton am Arlberg,0.0,0,2021
Region Goms,Utilities,2020-11-07 15:21:40+00:00,0.0,Gemeinde Ernen,0.0,0,2020
Teugn,Productivity,2021-03-02 15:22:37+00:00,0.0,Gemeinde Teugn,0.0,0,2021
CHECK-AT,Productivity,2021-09-07 04:56:31+00:00,0.0,Bundesministerium fuer Inneres,0.0,0,2021
Buxheim,Productivity,2020-06-24 22:50:30+00:00,0.0,Gemeinde Buxheim,0.0,0,2020
DPolG,Reference,2021-08-27 08:14:16+00:00,0.0,JUNGE POLIZEI,0.0,0,2021
Zakerny Bellah Lite - ذكرني بالله لايت,Reference,2016-05-24 10:14:26+00:00,0.0,Hamtaw Inc.,4.40909,132,2016
Amtrol,Productivity,2018-01-17 22:27:21+00:00,0.0,"Amtrol, Inc.",5.0,1,2018
Tenerife!,Travel,2017-12-14 02:32:30+00:00,0.0,Tim Alstadt,0.0,0,2017
Düsseldorf bleibt sauber,Productivity,2020-10-20 09:45:37+00:00,0.0,Landeshauptstadt Düsseldorf,0.0,0,2020
Wit Vpn,Utilities,2021-10-12 00:37:56+00:00,0.0,Samtal Limited,0.0,0,2021
Clavia,Productivity,2021-07-31 17:18:06+00:00,0.0,Latamtek,0.0,0,2021
Sicher Reisen,Travel,2021-09-02 07:47:36+00:00,0.0,Auswaertiges Amt,3.0,6,2021
Simplon-Zwischbergen,Utilities,2020-11-07 14:35:27+00:00,0.0,Gemeinde Simplon,0.0,0,2020
Polizei-Sportverein Mainz,Sports,2019-07-31 19:58:46+00:00,0.0,Polizei-Sportverein Mainz,0.0,0,2019
Mallats,Shopping,2021-08-09 17:48:59+00:00,0.0,Al-Amthal Group,3.83333,6,2021
Mein Konstanz,Reference,2021-09-28 14:37:10+00:00,0.0,Stadtwerke Konstanz GmbH,0.0,0,2021
Mein Schkeuditz,Reference,2021-09-20 19:13:26+00:00,0.0,Stadtwerke Schkeuditz GmbH,0.0,0,2021
Karout Online,Shopping,2020-10-16 22:41:13+00:00,0.0,Mohamad Gharamti,0.0,0,2020
"Mensch, Solingen",Travel,2021-09-12 02:12:57+00:00,0.0,Klingenstadt Solingen,0.0,0,2021
Merck Filter Selector+,Reference,2017-08-31 22:00:24+00:00,0.0,"Merck KGaA (Darmstadt, Germany)",0.0,0,2017
Shiftsells,Shopping,2020-09-23 21:36:34+00:00,0.0,Mohamed Rahamtalla,0.0,0,2020
Translate.me Voice Translator,Productivity,2021-04-20 22:27:02+00:00,0.0,DreamTeam Apps,4.50101,8397,2021
WSW Abfahrtsmonitor,Travel,2020-12-09 10:30:23+00:00,0.0,Wuppertaler Stadtwerke,0.0,0,2020
Melde-App Arnsberg,Productivity,2019-05-21 11:41:27+00:00,0.0,Stadt Arnsberg,0.0,0,2019
Melde-App Gemeinde Alfter,Productivity,2020-11-09 17:54:32+00:00,0.0,Gemeinde Alfter,0.0,0,2020
Melde-App Stadt Buchholz,Productivity,2019-06-07 09:49:18+00:00,0.0,STADT BUCHHOLZ IN DER NORDHEIDE,0.0,0,2019
Melde-App Stadt Recklinghausen,Productivity,2019-05-27 08:40:22+00:00,0.0,Stadt Recklinghausen,0.0,0,2019
Melde-App Stadt Salzgitter,Productivity,2019-07-03 05:58:41+00:00,0.0,Stadt Salzgitter,0.0,0,2019
Zadlist: Buy and Sell,Shopping,2020-03-19 21:55:29+00:00,0.0,Mohamed Rahamtalla,0.0,0,2020
Ethiosells,Shopping,2019-02-24 03:44:03+00:00,0.0,Mohamed Rahamtalla,5.0,1,2019
Bürger-App Stadt Oberursel,Productivity,2019-06-28 05:33:13+00:00,0.0,Stadt Oberursel,0.0,0,2019
BürgerApp Stadt Wittmund,Productivity,2021-06-11 12:04:48+00:00,0.0,Stadt Wittmund,0.0,0,2021
BürgerEcho Bochum,Utilities,2019-12-11 14:24:16+00:00,0.0,Stadt Bochum,0.0,0,2019
Bürgertelefon Stadt Lünen,Productivity,2019-07-03 05:54:29+00:00,0.0,Stadt Luenen,0.0,0,2019
Zoll und Post,Finance,2021-06-30 23:00:32+00:00,0.0,Bundesministerium der Finanzen,2.0,1,2021
METER TRACKING,Productivity,2021-08-09 14:21:58+00:00,0.0,Dreamtec Software Limited,0.0,0,2021
Mein Güstrow,Shopping,2021-03-23 20:11:50+00:00,0.0,Stadtwerke Guestrow GmbH,0.0,0,2021
Morse Typer - Telegram Key,Utilities,2019-06-20 15:47:53+00:00,0.0,"Sichuan DreamTrue Technology Co., Ltd.",3.56923,65,2019
St. Wendel App,Travel,2019-07-28 07:00:00+00:00,0.0,Kreisstadt St. Wendel,0.0,0,2019
Stadt Art,Productivity,2021-09-01 20:10:34+00:00,0.0,StadtArt Hausverwaltung GmbH,0.0,0,2021
Stadt Herbolzheim,Travel,2021-02-16 06:26:38+00:00,0.0,Stadt Herbolzheim,0.0,0,2021
Stadt Kelheim,Productivity,2021-01-13 14:10:00+00:00,0.0,Stadt Kelheim,0.0,0,2021
Stadt Kraichtal,Travel,2021-05-18 17:11:19+00:00,0.0,Stadt Kraichtal,0.0,0,2021
Krems Bonus,Shopping,2021-06-08 20:54:16+00:00,0.0,Stadtmarketing Krems GmbH,0.0,0,2021
Stadt Mainburg,Productivity,2021-03-17 14:52:03+00:00,0.0,Stadt Mainburg,0.0,0,2021
Stadt Marienmünster,Travel,2021-07-17 16:28:33+00:00,0.0,Stadt Marienmünster,0.0,0,2021
Rüsselsheim App,Travel,2021-01-21 01:41:59+00:00,0.0,Magistrat der Stadt Rüsselsheim am Main,0.0,0,2021
Suisse ePolice,Productivity,2021-08-25 06:18:37+00:00,0.0,Schweizer Kompetenzzentrum Polizeitechnik und Informatik,0.0,0,2021
SWE Für Erfurt.,Utilities,2021-08-18 10:58:19+00:00,0.0,SWE Stadtwerke Erfurt GmbH,0.0,0,2021
Truck Packet Go,Productivity,2020-04-03 23:12:03+00:00,0.0,LatamTechnologies Inc,0.0,0,2020
Tunity: Hear any muted TV,Utilities,2021-05-05 07:04:17+00:00,0.0,AudioStreamTV Inc.,4.30466,4917,2021
AWISTA,Productivity,2021-10-05 15:57:44+00:00,0.0,AWISTA Gesellschaft für Abfallwirtschaft und Stadtreinigung mbH,4.85714,7,2021
Soor3a,Shopping,2020-05-25 14:47:38+00:00,0.0,Mohamed Rahamtalla,0.0,0,2020
Copy And Paste Keyboard +,Utilities,2021-07-23 16:54:45+00:00,0.0,DreamTeam Apps,4.84999,40,2021
Pic Perfect 2 - Resize,Utilities,2017-11-06 17:09:50+00:00,1.99,Steamtown Media Limited,1.66667,9,2017
MQuant® StripScan,Productivity,2020-10-24 11:49:04+00:00,0.0,"Merck KGaA (Darmstadt, Germany)",0.0,0,2020
TuS Froschhausen,Sports,2021-07-30 15:22:35+00:00,0.0,Turn- & Sportgemeinde 1880 e. V. Froschhausen,0.0,0,2021
Bjerringbro Julecup,Sports,2019-10-10 07:50:48+00:00,0.0,Johnny Damtoft,0.0,0,2019
Greater Binghamton Sports Comp,Sports,2020-11-19 16:46:13+00:00,0.0,Greater Binghamton,0.0,0,2020
HagenApp,Travel,2020-12-15 14:40:06+00:00,0.0,Stadt Hagen,0.0,0,2020
Gemeinde Allschwil,Travel,2021-01-05 22:23:10+00:00,0.0,Gemeindeverwaltung Allschwil,0.0,0,2021
Gemeinde Bolligen,Travel,2020-12-22 17:55:26+00:00,0.0,Einwohnergemeinde Bolligen,0.0,0,2020
Gemeinde Bremgarten bei Bern,Travel,2020-12-22 17:56:01+00:00,0.0,Gemeinde Bremgarten bei Bern,0.0,0,2020
Gemeinde Dielheim,Travel,2021-01-13 07:38:29+00:00,0.0,Gemeinde Dielheim,0.0,0,2021
Gemeinde Gelterkinden,Travel,2021-01-05 23:29:32+00:00,0.0,Einwohnergemeinde Gelterkinden,0.0,0,2021
Gemeinde Moosseedorf,Travel,2021-01-05 19:40:21+00:00,0.0,Gemeinde Moosseedorf,0.0,0,2021
Gemeinde Nußloch,Travel,2021-02-03 12:51:54+00:00,0.0,Gemeinde Nussloch,0.0,0,2021
Gemeinde Niederrohrdorf,Travel,2021-01-06 18:11:06+00:00,0.0,Gemeinde Niederrohrdorf,0.0,0,2021
Gemeinde Reinach,Travel,2021-08-26 22:17:52+00:00,0.0,Gemeinde Reinach BL,0.0,0,2021
Gemeinde Schötz,Travel,2021-01-06 17:23:38+00:00,0.0,Gemeinde Schoetz,0.0,0,2021
Gemeinde Stettlen,Travel,2020-12-28 16:51:39+00:00,0.0,Gemeindeverwaltung Stettlen,0.0,0,2020
MyIms,Utilities,2019-07-28 07:00:00+00:00,0.0,Vamtech,0.0,0,2019
Haslach,Travel,2019-09-26 10:18:30+00:00,0.0,Stadt Haslach,0.0,0,2019
Einwohnergemeinde Münsingen,Utilities,2021-01-05 16:40:47+00:00,0.0,Gemeinde Muensingen,0.0,0,2021
Emil eCarSharing,Travel,2020-12-02 08:55:28+00:00,0.0,SWK Stadtwerke Kaiserslautern Versorgungs-AG,0.0,0,2020
Baltmannsweiler,Travel,2021-09-12 10:03:49+00:00,0.0,Gemeinde Baltmannsweiler,0.0,0,2021
Kappelrodeck,Travel,2019-09-26 10:18:56+00:00,0.0,Gemeinde Kappelrodeck,0.0,0,2019
Dillingen Saar,Utilities,2021-01-07 11:03:40+00:00,0.0,Stadt DillingenSaar,0.0,0,2021
Mängelmelder Ingolstadt,Productivity,2019-07-03 05:58:11+00:00,0.0,Stadt Ingolstadt,0.0,0,2019
Mängelmelder Radolfzell,Productivity,2021-09-13 06:58:17+00:00,0.0,Stadtverwaltung Radolfzell am Bodensee,0.0,0,2021
Mülheimer Ruhrperlen,Travel,2019-05-27 20:33:17+00:00,0.0,Muelheimer Stadtmarketing- und Tourismus GmbH (MST),0.0,0,2019
Obersontheim,Travel,2018-01-28 21:55:12+00:00,0.0,Gemeinde Obersontheim,0.0,0,2018
Oberstadion,Travel,2021-03-04 11:20:08+00:00,0.0,Gemeinde Oberstadion,0.0,0,2021
Lauingen,Travel,2021-01-15 10:29:29+00:00,0.0,Stadt Lauingen (Donau),0.0,0,2021
Underway: NYC Subway Transit,Navigation,2021-09-27 11:36:14+00:00,0.0,Dan Ramteke,4.51087,92,2021
Zoll und Reise,Travel,2020-02-18 13:54:04+00:00,0.0,Bundesministerium der Finanzen,3.66667,3,2020
Zoo Saarbrücken,Travel,2016-02-15 20:47:59+00:00,0.0,Landeshauptstadt Saarbrücken,0.0,0,2016
DORFnet,Travel,2021-06-29 23:23:56+00:00,0.0,Gemeinde Kalletal,0.0,0,2021
DOtick,Travel,2021-03-19 08:20:38+00:00,0.0,Dortmunder Stadtwerke AG,0.0,0,2021
Abfallwirtschaft Stuttgart,Utilities,2021-03-22 00:07:53+00:00,0.0,Landeshauptstadt Stuttgart,1.0,1,2021
Koolrail - Tri Rail App Today,Travel,2021-10-13 00:13:38+00:00,0.0,AMTwain Co.,4.85808,613,2021
Korb,Travel,2020-04-22 19:06:59+00:00,0.0,Gemeinde Korb,0.0,0,2020
Gomaringen,Travel,2019-05-17 23:07:58+00:00,0.0,Gemeinde Gomaringen,0.0,0,2019
Beschwerde App Wermelskirchen,Utilities,2017-07-10 15:50:34+00:00,0.0,Stadt Wermelskirchen,0.0,0,2017
Allmersbach,Travel,2019-09-26 10:16:48+00:00,0.0,Gemeinde Allmersbach im Tal,0.0,0,2019
BANZ-ID,Utilities,2020-10-06 08:46:36+00:00,0.0,Bundesanzeiger Verlag,0.0,0,2020
Nehren,Travel,2019-09-26 10:21:27+00:00,0.0,Gemeinde Nehren,0.0,0,2019
Accreditation,Utilities,2020-07-22 09:49:11+00:00,0.0,Wamtek GmbH,0.0,0,2020
BewegungUmdenken,Travel,2021-10-06 19:42:27+00:00,0.0,Stadtwerke Norderstedt,0.0,0,2021
Altenahr,Travel,2016-12-08 10:24:21+00:00,0.0,Verbandsgemeinde Altenahr,0.0,0,2016
Schlieren,Travel,2020-12-16 19:40:43+00:00,0.0,Stadt Schlieren,0.0,0,2020
Freiberg,Travel,2020-07-30 13:45:14+00:00,0.0,Stadt Freiberg am Neckar,0.0,0,2020
Schwaikheim,Travel,2019-09-26 10:42:44+00:00,0.0,Gemeinde Schwaikheim,0.0,0,2019
Schüpfen,Travel,2020-12-28 15:32:56+00:00,0.0,Einwohnergemeinde Schuepfen,0.0,0,2020
Tamm,Travel,2019-11-08 12:55:11+00:00,0.0,Gemeinde Tamm,0.0,0,2019
Amtrak,Travel,2021-09-02 16:06:02+00:00,0.0,Amtrak,4.61019,51722,2021
Großerlach,Travel,2020-12-09 10:47:22+00:00,0.0,Gemeinde Großerlach,0.0,0,2020
Rechberghausen,Travel,2020-04-09 07:48:37+00:00,0.0,Gemeinde Rechberghausen,0.0,0,2020
SWS Smart Meter,Productivity,2021-10-10 11:46:23+00:00,0.0,Stadtwerke Stuttgart GmbH,0.0,0,2021
BObby Sharing,Travel,2020-12-02 15:47:50+00:00,0.0,Stadtwerke Bochum Holding GmbH,0.0,0,2020
HÜSE,Travel,2020-08-07 18:29:21+00:00,0.0,Gemeinde Rheinhausen,0.0,0,2020
Parken in Straubing,Travel,2018-10-22 09:45:37+00:00,0.0,Stadt Straubing,0.0,0,2018
Ottenhöfen,Travel,2019-09-26 10:35:47+00:00,0.0,Gemeinde Ottenhöfen,0.0,0,2019
Renningen,Travel,2020-11-05 08:55:59+00:00,0.0,Stadt Renningen,0.0,0,2020
Owingen,Travel,2020-08-13 06:06:02+00:00,0.0,Gemeinde Owingen,0.0,0,2020
Wuppertal,Travel,2018-12-05 10:12:30+00:00,0.0,Stadt Wuppertal,0.0,0,2018
LAMTEC Support,Utilities,2021-09-28 20:27:21+00:00,0.0,LAMTEC Leipzig GmbH & Co KG,0.0,0,2021
Jobcenter CW,Utilities,2021-05-07 07:41:37+00:00,0.0,Bundesagentur für Arbeit - Jobcenter Berlin Charlottenburg-Wilmersdorf,0.0,0,2021
CamTrace Mobile,Utilities,2018-03-13 19:01:54+00:00,0.0,Camtrace SAS,0.0,0,2018
CamTrace Mobile V2,Utilities,2021-08-24 18:15:19+00:00,0.0,Camtrace SAS,0.0,0,2021
IFB Projection Scheduling,Utilities,2020-11-11 01:05:22+00:00,0.0,Kulturveranstaltungen des Bundes in Berlin (KBB) GmbH,0.0,0,2020
Sigmaringendorf,Travel,2019-05-27 06:23:06+00:00,0.0,Gemeinde Sigmaringendorf,0.0,0,2019
Rider Taxi Drivers,Travel,2019-02-07 17:55:15+00:00,0.0,Mohamed Rahamtalla,0.0,0,2019
Aschheim,Travel,2021-09-27 10:31:15+00:00,0.0,Gemeinde Aschheim,0.0,0,2021
Literaturpfad Tübingen,Education,2020-10-06 09:37:42+00:00,0.0,Universitätsstadt Tübingen,0.0,0,2020
JuFö Hattingen,Utilities,2021-08-09 07:17:22+00:00,0.0,Stadt Hattingen,0.0,0,2021
ImageSwiper,Photo & Video,2021-05-27 15:11:27+00:00,0.0,Sebastian Stadtlich,0.0,0,2021
Clara Sharing,Travel,2021-10-07 16:31:57+00:00,0.0,Stadtwerke Bonn,0.0,0,2021
Sinzheim,Travel,2021-10-13 22:32:18+00:00,0.0,Gemeinde Sinzheim,0.0,0,2021
MobileSG,Travel,2020-12-15 00:42:44+00:00,0.0,Stadt St.Gallen,4.0,1,2020
OctaFinance,Utilities,2020-04-20 20:42:27+00:00,0.0,Mohamad Gharamti,0.0,0,2020
OctaPower,Utilities,2021-10-05 16:58:34+00:00,0.0,Mohamad Gharamti,0.0,0,2021
OctaRadius,Utilities,2020-06-09 21:00:14+00:00,0.0,Mohamad Gharamti,0.0,0,2020
OctaRadius Admin,Utilities,2021-05-06 22:05:33+00:00,0.0,Mohamad Gharamti,0.0,0,2021
Auslandsservice,Travel,2021-06-28 13:33:14+00:00,0.0,Bundesministerium fuer europaeische und internationale Angelegenheiten,0.0,0,2021
Leo-OH! Mängelmelder Leonberg,Utilities,2021-02-05 09:28:19+00:00,0.0,Stadt Leonberg,0.0,0,2021
GISA,Utilities,2021-08-06 17:48:49+00:00,0.0,Diakonie in Dusseldorf - Gemeindedienst der Evangelischen Kirchengemeinden e.V.,0.0,0,2021
LvMotorBike,Travel,2021-06-02 00:15:45+00:00,0.0,Riccardo Neamtu,0.0,0,2021
Unicode viewer,Utilities,2019-07-15 15:07:23+00:00,0.0,amtb fate,3.0,5,2019
FLIWAS 3,Utilities,2021-09-29 11:48:41+00:00,0.0,Umweltministerium Baden-Württemberg,0.0,0,2021
Bw-eToken,Travel,2020-05-19 10:22:47+00:00,0.0,Bundesministerium der Verteidigung,0.0,0,2020
Bühlerzell,Travel,2019-03-13 09:13:09+00:00,0.0,Gemeinde Bühlerzell,0.0,0,2019
NINA,Utilities,2021-09-14 14:38:44+00:00,0.0,Bundesamt fuer Bevoelkerungsschutz und Katastrophenhilfe,2.14286,7,2021
SAVISA,Utilities,2021-08-07 03:25:03+00:00,0.0,Diakonie in Dusseldorf - Gemeindedienst der Evangelischen Kirchengemeinden e.V.,0.0,0,2021
Spiegelberg,Travel,2019-09-26 10:43:17+00:00,0.0,Gemeinde Spiegelberg,0.0,0,2019
Energy Ahead,Utilities,2019-12-11 15:46:35+00:00,0.0,Stadt Wien,0.0,0,2019
BME Events,Utilities,2019-08-28 22:37:41+00:00,0.0,"Bundesverband Materialwirtschaft, Einkauf und Logistik e.V.",0.0,0,2019
Stadt Bad Hersfeld,Travel,2021-08-25 11:40:14+00:00,0.0,Stadt Bad Hersfeld,0.0,0,2021
Stadt Emmendingen,Travel,2021-02-11 10:42:31+00:00,0.0,Stadt Emmendingen,4.0,1,2021
Stadt Gaggenau,Travel,2021-07-21 13:08:00+00:00,0.0,Stadtverwaltung Gaggenau,0.0,0,2021
Stadt Wetzikon,Travel,2021-01-05 16:29:37+00:00,0.0,Stadtverwaltung Wetzikon,0.0,0,2021
Stella+,Travel,2020-01-09 17:03:30+00:00,0.0,Stadtwerke Stuttgart GmbH,0.0,0,2020
PegelBS,Utilities,2020-07-01 09:16:07+00:00,0.0,Tiefbauamt Basel-Stadt,0.0,0,2020
Sulzbach-Laufen,Travel,2020-04-15 05:49:54+00:00,0.0,Gemeinde Sulzbach-Laufen,0.0,0,2020
Sutz-Lattrigen,Travel,2020-12-22 18:09:36+00:00,0.0,Gemeinde Sutz-Lattrigen,0.0,0,2020
WGJ-Portal,Utilities,2021-08-04 17:34:04+00:00,0.0,Wohnungsgenossenschaft Johannstadt eG,0.0,0,2021
Thee_App,Utilities,2020-12-18 12:27:51+00:00,0.0,Amtex Software Solutions Pvt Ltd,0.0,0,2020
Real Digits,Utilities,2020-04-26 18:41:33+00:00,0.0,Rayen Kamta,1.0,1,2020
Mühlacker,Travel,2019-09-26 10:20:55+00:00,0.0,Stadt Mühlacker,0.0,0,2019
Mühlenbecker Land,Travel,2020-07-09 13:59:35+00:00,0.0,Gemeinde Muehlenbecker Land,0.0,0,2020
Osnabrück,Utilities,2020-03-03 20:49:24+00:00,0.0,Stadt Osnabrück,0.0,0,2020
Nuvola AMT,Utilities,2018-07-30 17:57:54+00:00,0.0,AMT Services,0.0,0,2018
WienBot,Utilities,2021-01-15 10:42:34+00:00,0.0,Stadt Wien,1.0,1,2021
Senden Westfalen,Utilities,2021-02-06 00:37:19+00:00,0.0,Gemeinde Senden,0.0,0,2021
Ludwigsburg-Melder,Utilities,2021-06-02 13:07:36+00:00,0.0,Stadt Ludwigsburg,0.0,0,2021
Wolfsburg-App,Utilities,2021-10-12 21:33:01+00:00,0.0,Stadt Wolfsburg,0.0,0,2021
Aqualys Timer,Utilities,2018-04-03 21:44:17+00:00,0.0,THARY INFORAMTIQUE,0.0,0,2018
Toma5,Utilities,2019-05-01 16:00:24+00:00,0.0,Samtech S.A.,0.0,0,2019
MyAbilities,Utilities,2019-08-21 08:44:21+00:00,0.0,"FamTech, LLC",5.0,1,2019
Stadt Salzburg:direkt,Utilities,2019-10-16 06:50:56+00:00,0.0,Stadtgemeinde Salzburg,0.0,0,2019
Stadt Wien,Utilities,2021-06-15 09:10:40+00:00,0.0,Stadt Wien,0.0,0,2021
Stadtguthaben Kassen-App,Utilities,2020-06-17 02:00:20+00:00,0.0,Stadtguthaben GmbH,0.0,0,2020
Stadtwerke Blankenburg GmbH,Utilities,2019-07-29 07:00:00+00:00,0.0,Stadtwerke Blankenburg GmbH,0.0,0,2019
Stadtwerke Jülich,Utilities,2021-04-09 12:20:26+00:00,0.0,Stadtwerke Jülich,0.0,0,2021
Sting Map,Utilities,2020-05-26 14:51:08+00:00,0.0,Rayen Kamta,0.0,0,2020
STP,Utilities,2021-09-22 19:14:42+00:00,0.0,Samtech S.A.,0.0,0,2021
